act,scene,location,entity_text,label,label_description
1,1,An open Place.,THIRD,PERSON,"People, including fictional"
1,1,An open Place.,the heath,LOCATION,LOCATION
1,1,An open Place.,THIRD,PERSON,"People, including fictional"
1,1,An open Place.,Macbeth,PERSON,"People, including fictional"
1,1,An open Place.,Graymalkin,PERSON,"People, including fictional"
1,1,An open Place.,THIRD,PERSON,"People, including fictional"
1,2,A Camp near Forres.,Alarum,PERSON,"People, including fictional"
1,2,A Camp near Forres.,Duncan,PERSON,"People, including fictional"
1,2,A Camp near Forres.,Malcolm,PERSON,"People, including fictional"
1,2,A Camp near Forres.,Donalbain,PERSON,"People, including fictional"
1,2,A Camp near Forres.,Lennox,PERSON,"People, including fictional"
1,2,A Camp near Forres.,DUNCAN,PERSON,"People, including fictional"
1,2,A Camp near Forres.,MALCOLM,PERSON,"People, including fictional"
1,2,A Camp near Forres.,SOLDIER,PERSON,"People, including fictional"
1,2,A Camp near Forres.,the Western,LOCATION,LOCATION
1,2,A Camp near Forres.,Macbeth,PERSON,"People, including fictional"
1,2,A Camp near Forres.,DUNCAN,PERSON,"People, including fictional"
1,2,A Camp near Forres.,SOLDIER,PERSON,"People, including fictional"
1,2,A Camp near Forres.,King of Scotland,TITLE,TITLE
1,2,A Camp near Forres.,DUNCAN,PERSON,"People, including fictional"
1,2,A Camp near Forres.,Macbeth,PERSON,"People, including fictional"
1,2,A Camp near Forres.,Banquo,PERSON,"People, including fictional"
1,2,A Camp near Forres.,SOLDIER,PERSON,"People, including fictional"
1,2,A Camp near Forres.,Golgotha,PERSON,"People, including fictional"
1,2,A Camp near Forres.,DUNCAN,PERSON,"People, including fictional"
1,2,A Camp near Forres.,Ross,PERSON,"People, including fictional"
1,2,A Camp near Forres.,Angus,PERSON,"People, including fictional"
1,2,A Camp near Forres.,MALCOLM,PERSON,"People, including fictional"
1,2,A Camp near Forres.,Ross,PERSON,"People, including fictional"
1,2,A Camp near Forres.,LENNOX,PERSON,"People, including fictional"
1,2,A Camp near Forres.,ROSS,PERSON,"People, including fictional"
1,2,A Camp near Forres.,DUNCAN,PERSON,"People, including fictional"
1,2,A Camp near Forres.,ROSS,PERSON,"People, including fictional"
1,2,A Camp near Forres.,Fife,GPE,"Countries, cities, states"
1,2,A Camp near Forres.,Norway,GPE,"Countries, cities, states"
1,2,A Camp near Forres.,Thane of Cawdor,TITLE,TITLE
1,2,A Camp near Forres.,DUNCAN,PERSON,"People, including fictional"
1,2,A Camp near Forres.,ROSS,PERSON,"People, including fictional"
1,2,A Camp near Forres.,Norways,GPE,"Countries, cities, states"
1,2,A Camp near Forres.,Saint Colme's Inch,GPE,"Countries, cities, states"
1,2,A Camp near Forres.,DUNCAN,PERSON,"People, including fictional"
1,2,A Camp near Forres.,Thane of Cawdor,TITLE,TITLE
1,2,A Camp near Forres.,Macbeth,PERSON,"People, including fictional"
1,2,A Camp near Forres.,ROSS,PERSON,"People, including fictional"
1,2,A Camp near Forres.,DUNCAN,PERSON,"People, including fictional"
1,2,A Camp near Forres.,Macbeth,PERSON,"People, including fictional"
1,3,A heath.,THIRD,PERSON,"People, including fictional"
1,3,A heath.,Aroint,PERSON,"People, including fictional"
1,3,A heath.,Aleppo,GPE,"Countries, cities, states"
1,3,A heath.,THIRD,PERSON,"People, including fictional"
1,3,A heath.,THIRD,PERSON,"People, including fictional"
1,3,A heath.,Macbeth,PERSON,"People, including fictional"
1,3,A heath.,the sea,LOCATION,LOCATION
1,3,A heath.,Macbeth,PERSON,"People, including fictional"
1,3,A heath.,Banquo,PERSON,"People, including fictional"
1,3,A heath.,MACBETH,PERSON,"People, including fictional"
1,3,A heath.,BANQUO,PERSON,"People, including fictional"
1,3,A heath.,MACBETH,PERSON,"People, including fictional"
1,3,A heath.,Macbeth,PERSON,"People, including fictional"
1,3,A heath.,Thane of Glamis,TITLE,TITLE
1,3,A heath.,Macbeth,PERSON,"People, including fictional"
1,3,A heath.,Thane of Cawdor,TITLE,TITLE
1,3,A heath.,THIRD,PERSON,"People, including fictional"
1,3,A heath.,Macbeth,PERSON,"People, including fictional"
1,3,A heath.,BANQUO,PERSON,"People, including fictional"
1,3,A heath.,THIRD,PERSON,"People, including fictional"
1,3,A heath.,Macbeth,PERSON,"People, including fictional"
1,3,A heath.,THIRD,PERSON,"People, including fictional"
1,3,A heath.,Macbeth,PERSON,"People, including fictional"
1,3,A heath.,Banquo,PERSON,"People, including fictional"
1,3,A heath.,Banquo,PERSON,"People, including fictional"
1,3,A heath.,Macbeth,PERSON,"People, including fictional"
1,3,A heath.,MACBETH,PERSON,"People, including fictional"
1,3,A heath.,Thane of Glamis,TITLE,TITLE
1,3,A heath.,Thane of Cawdor,TITLE,TITLE
1,3,A heath.,BANQUO,PERSON,"People, including fictional"
1,3,A heath.,MACBETH,PERSON,"People, including fictional"
1,3,A heath.,the wind,LOCATION,LOCATION
1,3,A heath.,BANQUO,PERSON,"People, including fictional"
1,3,A heath.,MACBETH,PERSON,"People, including fictional"
1,3,A heath.,BANQUO,PERSON,"People, including fictional"
1,3,A heath.,MACBETH,PERSON,"People, including fictional"
1,3,A heath.,Thane of Cawdor,TITLE,TITLE
1,3,A heath.,BANQUO,PERSON,"People, including fictional"
1,3,A heath.,Ross,PERSON,"People, including fictional"
1,3,A heath.,Angus,PERSON,"People, including fictional"
1,3,A heath.,ROSS,PERSON,"People, including fictional"
1,3,A heath.,Macbeth,PERSON,"People, including fictional"
1,3,A heath.,ANGUS,PERSON,"People, including fictional"
1,3,A heath.,ROSS,PERSON,"People, including fictional"
1,3,A heath.,Thane of Cawdor,TITLE,TITLE
1,3,A heath.,BANQUO,PERSON,"People, including fictional"
1,3,A heath.,MACBETH,PERSON,"People, including fictional"
1,3,A heath.,Thane of Cawdor,TITLE,TITLE
1,3,A heath.,ANGUS,PERSON,"People, including fictional"
1,3,A heath.,Thane lives yet,TITLE,TITLE
1,3,A heath.,Norway,GPE,"Countries, cities, states"
1,3,A heath.,MACBETH,PERSON,"People, including fictional"
1,3,A heath.,Thane of Cawdor,TITLE,TITLE
1,3,A heath.,Ross,PERSON,"People, including fictional"
1,3,A heath.,Angus,PERSON,"People, including fictional"
1,3,A heath.,Banquo,PERSON,"People, including fictional"
1,3,A heath.,Thane of Cawdor,TITLE,TITLE
1,3,A heath.,BANQUO,PERSON,"People, including fictional"
1,3,A heath.,Thane of Cawdor,TITLE,TITLE
1,3,A heath.,Cousins,PERSON,"People, including fictional"
1,3,A heath.,MACBETH,PERSON,"People, including fictional"
1,3,A heath.,Thane of Cawdor,TITLE,TITLE
1,3,A heath.,BANQUO,PERSON,"People, including fictional"
1,3,A heath.,MACBETH,PERSON,"People, including fictional"
1,3,A heath.,BANQUO,PERSON,"People, including fictional"
1,3,A heath.,MACBETH,PERSON,"People, including fictional"
1,3,A heath.,BANQUO,PERSON,"People, including fictional"
1,3,A heath.,Macbeth,PERSON,"People, including fictional"
1,3,A heath.,MACBETH,PERSON,"People, including fictional"
1,3,A heath.,the King,LOCATION,LOCATION
1,3,A heath.,BANQUO,PERSON,"People, including fictional"
1,3,A heath.,MACBETH,PERSON,"People, including fictional"
1,4,Forres. A Room in the Palace.,Duncan,PERSON,"People, including fictional"
1,4,Forres. A Room in the Palace.,Malcolm,PERSON,"People, including fictional"
1,4,Forres. A Room in the Palace.,Donalbain,PERSON,"People, including fictional"
1,4,Forres. A Room in the Palace.,Lennox,PERSON,"People, including fictional"
1,4,Forres. A Room in the Palace.,DUNCAN,PERSON,"People, including fictional"
1,4,Forres. A Room in the Palace.,MALCOLM,PERSON,"People, including fictional"
1,4,Forres. A Room in the Palace.,DUNCAN,PERSON,"People, including fictional"
1,4,Forres. A Room in the Palace.,Macbeth,PERSON,"People, including fictional"
1,4,Forres. A Room in the Palace.,Banquo,PERSON,"People, including fictional"
1,4,Forres. A Room in the Palace.,Ross,PERSON,"People, including fictional"
1,4,Forres. A Room in the Palace.,Angus,PERSON,"People, including fictional"
1,4,Forres. A Room in the Palace.,MACBETH,PERSON,"People, including fictional"
1,4,Forres. A Room in the Palace.,DUNCAN,PERSON,"People, including fictional"
1,4,Forres. A Room in the Palace.,Banquo,PERSON,"People, including fictional"
1,4,Forres. A Room in the Palace.,BANQUO,PERSON,"People, including fictional"
1,4,Forres. A Room in the Palace.,DUNCAN,PERSON,"People, including fictional"
1,4,Forres. A Room in the Palace.,Malcolm,PERSON,"People, including fictional"
1,4,Forres. A Room in the Palace.,Inverness,GPE,"Countries, cities, states"
1,4,Forres. A Room in the Palace.,MACBETH,PERSON,"People, including fictional"
1,4,Forres. A Room in the Palace.,DUNCAN,PERSON,"People, including fictional"
1,4,Forres. A Room in the Palace.,MACBETH,PERSON,"People, including fictional"
1,4,Forres. A Room in the Palace.,DUNCAN,PERSON,"People, including fictional"
1,4,Forres. A Room in the Palace.,Banquo,PERSON,"People, including fictional"
1,5,Inverness. A Room in Macbeth's Castle.,Macbeth,PERSON,"People, including fictional"
1,5,Inverness. A Room in Macbeth's Castle.,LADY MACBETH.,PERSON,"People, including fictional"
1,5,Inverness. A Room in Macbeth's Castle.,Thane of Cawdor,TITLE,TITLE
1,5,Inverness. A Room in Macbeth's Castle.,MESSENGER,PERSON,"People, including fictional"
1,5,Inverness. A Room in Macbeth's Castle.,LADY MACBETH.,PERSON,"People, including fictional"
1,5,Inverness. A Room in Macbeth's Castle.,MESSENGER,PERSON,"People, including fictional"
1,5,Inverness. A Room in Macbeth's Castle.,LADY MACBETH.,PERSON,"People, including fictional"
1,5,Inverness. A Room in Macbeth's Castle.,Duncan,PERSON,"People, including fictional"
1,5,Inverness. A Room in Macbeth's Castle.,Macbeth,PERSON,"People, including fictional"
1,5,Inverness. A Room in Macbeth's Castle.,MACBETH,PERSON,"People, including fictional"
1,5,Inverness. A Room in Macbeth's Castle.,Duncan,PERSON,"People, including fictional"
1,5,Inverness. A Room in Macbeth's Castle.,LADY MACBETH.,PERSON,"People, including fictional"
1,5,Inverness. A Room in Macbeth's Castle.,MACBETH,PERSON,"People, including fictional"
1,5,Inverness. A Room in Macbeth's Castle.,LADY MACBETH.,PERSON,"People, including fictional"
1,5,Inverness. A Room in Macbeth's Castle.,MACBETH,PERSON,"People, including fictional"
1,5,Inverness. A Room in Macbeth's Castle.,LADY MACBETH.,PERSON,"People, including fictional"
1,6,The same. Before the Castle.,Hautboys,PERSON,"People, including fictional"
1,6,The same. Before the Castle.,Macbeth,PERSON,"People, including fictional"
1,6,The same. Before the Castle.,Duncan,PERSON,"People, including fictional"
1,6,The same. Before the Castle.,Malcolm,PERSON,"People, including fictional"
1,6,The same. Before the Castle.,Donalbain,PERSON,"People, including fictional"
1,6,The same. Before the Castle.,Banquo,PERSON,"People, including fictional"
1,6,The same. Before the Castle.,Lennox,PERSON,"People, including fictional"
1,6,The same. Before the Castle.,Macduff,PERSON,"People, including fictional"
1,6,The same. Before the Castle.,Ross,PERSON,"People, including fictional"
1,6,The same. Before the Castle.,Angus,PERSON,"People, including fictional"
1,6,The same. Before the Castle.,DUNCAN,PERSON,"People, including fictional"
1,6,The same. Before the Castle.,This castle,LOCATION,LOCATION
1,6,The same. Before the Castle.,Nimbly,PERSON,"People, including fictional"
1,6,The same. Before the Castle.,BANQUO,PERSON,"People, including fictional"
1,6,The same. Before the Castle.,Lady Macbeth.,PERSON,"People, including fictional"
1,6,The same. Before the Castle.,DUNCAN,PERSON,"People, including fictional"
1,6,The same. Before the Castle.,LADY MACBETH.,PERSON,"People, including fictional"
1,6,The same. Before the Castle.,DUNCAN,PERSON,"People, including fictional"
1,6,The same. Before the Castle.,Thane of Cawdor,TITLE,TITLE
1,6,The same. Before the Castle.,LADY MACBETH.,PERSON,"People, including fictional"
1,6,The same. Before the Castle.,DUNCAN,PERSON,"People, including fictional"
1,7,The same. A Lobby in the Castle.,Hautboys,PERSON,"People, including fictional"
1,7,The same. A Lobby in the Castle.,Macbeth,PERSON,"People, including fictional"
1,7,The same. A Lobby in the Castle.,MACBETH,PERSON,"People, including fictional"
1,7,The same. A Lobby in the Castle.,Duncan,PERSON,"People, including fictional"
1,7,The same. A Lobby in the Castle.,Lady Macbeth.,PERSON,"People, including fictional"
1,7,The same. A Lobby in the Castle.,LADY MACBETH.,PERSON,"People, including fictional"
1,7,The same. A Lobby in the Castle.,the chamber,LOCATION,LOCATION
1,7,The same. A Lobby in the Castle.,MACBETH,PERSON,"People, including fictional"
1,7,The same. A Lobby in the Castle.,LADY MACBETH.,PERSON,"People, including fictional"
1,7,The same. A Lobby in the Castle.,MACBETH,PERSON,"People, including fictional"
1,7,The same. A Lobby in the Castle.,LADY MACBETH.,PERSON,"People, including fictional"
1,7,The same. A Lobby in the Castle.,MACBETH,PERSON,"People, including fictional"
1,7,The same. A Lobby in the Castle.,LADY MACBETH.,PERSON,"People, including fictional"
1,7,The same. A Lobby in the Castle.,MACBETH,PERSON,"People, including fictional"
1,7,The same. A Lobby in the Castle.,LADY MACBETH.,PERSON,"People, including fictional"
1,7,The same. A Lobby in the Castle.,Duncan,PERSON,"People, including fictional"
1,7,The same. A Lobby in the Castle.,Duncan,PERSON,"People, including fictional"
1,7,The same. A Lobby in the Castle.,MACBETH,PERSON,"People, including fictional"
1,7,The same. A Lobby in the Castle.,LADY MACBETH.,PERSON,"People, including fictional"
1,7,The same. A Lobby in the Castle.,MACBETH,PERSON,"People, including fictional"
2,1,Inverness. Court within the Castle.,Banquo,PERSON,"People, including fictional"
2,1,Inverness. Court within the Castle.,Fleance,PERSON,"People, including fictional"
2,1,Inverness. Court within the Castle.,BANQUO,PERSON,"People, including fictional"
2,1,Inverness. Court within the Castle.,boy,PERSON,"People, including fictional"
2,1,Inverness. Court within the Castle.,FLEANCE,PERSON,"People, including fictional"
2,1,Inverness. Court within the Castle.,BANQUO,PERSON,"People, including fictional"
2,1,Inverness. Court within the Castle.,FLEANCE,PERSON,"People, including fictional"
2,1,Inverness. Court within the Castle.,BANQUO,PERSON,"People, including fictional"
2,1,Inverness. Court within the Castle.,Macbeth,PERSON,"People, including fictional"
2,1,Inverness. Court within the Castle.,MACBETH,PERSON,"People, including fictional"
2,1,Inverness. Court within the Castle.,BANQUO,PERSON,"People, including fictional"
2,1,Inverness. Court within the Castle.,MACBETH,PERSON,"People, including fictional"
2,1,Inverness. Court within the Castle.,BANQUO,PERSON,"People, including fictional"
2,1,Inverness. Court within the Castle.,MACBETH,PERSON,"People, including fictional"
2,1,Inverness. Court within the Castle.,BANQUO,PERSON,"People, including fictional"
2,1,Inverness. Court within the Castle.,MACBETH,PERSON,"People, including fictional"
2,1,Inverness. Court within the Castle.,BANQUO,PERSON,"People, including fictional"
2,1,Inverness. Court within the Castle.,MACBETH,PERSON,"People, including fictional"
2,1,Inverness. Court within the Castle.,BANQUO,PERSON,"People, including fictional"
2,1,Inverness. Court within the Castle.,Banquo,PERSON,"People, including fictional"
2,1,Inverness. Court within the Castle.,Fleance,PERSON,"People, including fictional"
2,1,Inverness. Court within the Castle.,MACBETH,PERSON,"People, including fictional"
2,1,Inverness. Court within the Castle.,Hecate,PERSON,"People, including fictional"
2,1,Inverness. Court within the Castle.,Duncan,PERSON,"People, including fictional"
2,2,The same.,Lady Macbeth.,PERSON,"People, including fictional"
2,2,The same.,LADY MACBETH.,PERSON,"People, including fictional"
2,2,The same.,MACBETH,PERSON,"People, including fictional"
2,2,The same.,LADY MACBETH.,PERSON,"People, including fictional"
2,2,The same.,Macbeth,PERSON,"People, including fictional"
2,2,The same.,MACBETH,PERSON,"People, including fictional"
2,2,The same.,LADY MACBETH.,PERSON,"People, including fictional"
2,2,The same.,MACBETH,PERSON,"People, including fictional"
2,2,The same.,LADY MACBETH.,PERSON,"People, including fictional"
2,2,The same.,MACBETH,PERSON,"People, including fictional"
2,2,The same.,LADY MACBETH.,PERSON,"People, including fictional"
2,2,The same.,MACBETH,PERSON,"People, including fictional"
2,2,The same.,LADY MACBETH.,PERSON,"People, including fictional"
2,2,The same.,Donalbain,PERSON,"People, including fictional"
2,2,The same.,MACBETH,PERSON,"People, including fictional"
2,2,The same.,LADY MACBETH.,PERSON,"People, including fictional"
2,2,The same.,MACBETH,PERSON,"People, including fictional"
2,2,The same.,LADY MACBETH.,PERSON,"People, including fictional"
2,2,The same.,MACBETH,PERSON,"People, including fictional"
2,2,The same.,LADY MACBETH.,PERSON,"People, including fictional"
2,2,The same.,MACBETH,PERSON,"People, including fictional"
2,2,The same.,LADY MACBETH.,PERSON,"People, including fictional"
2,2,The same.,MACBETH,PERSON,"People, including fictional"
2,2,The same.,Macbeth,PERSON,"People, including fictional"
2,2,The same.,LADY MACBETH.,PERSON,"People, including fictional"
2,2,The same.,MACBETH,PERSON,"People, including fictional"
2,2,The same.,Macbeth,PERSON,"People, including fictional"
2,2,The same.,LADY MACBETH.,PERSON,"People, including fictional"
2,2,The same.,MACBETH,PERSON,"People, including fictional"
2,2,The same.,LADY MACBETH.,PERSON,"People, including fictional"
2,2,The same.,MACBETH,PERSON,"People, including fictional"
2,2,The same.,Neptune,PERSON,"People, including fictional"
2,2,The same.,Lady Macbeth.,PERSON,"People, including fictional"
2,2,The same.,LADY MACBETH.,PERSON,"People, including fictional"
2,2,The same.,the south,LOCATION,LOCATION
2,2,The same.,our chamber,LOCATION,LOCATION
2,2,The same.,MACBETH,PERSON,"People, including fictional"
2,2,The same.,Duncan,PERSON,"People, including fictional"
2,3,The same.,the gate,LOCATION,LOCATION
2,3,The same.,Macduff,PERSON,"People, including fictional"
2,3,The same.,Lennox,PERSON,"People, including fictional"
2,3,The same.,MACDUFF,PERSON,"People, including fictional"
2,3,The same.,MACDUFF,PERSON,"People, including fictional"
2,3,The same.,an equivocator,LOCATION,LOCATION
2,3,The same.,MACDUFF,PERSON,"People, including fictional"
2,3,The same.,MACDUFF,PERSON,"People, including fictional"
2,3,The same.,Macbeth,PERSON,"People, including fictional"
2,3,The same.,LENNOX,PERSON,"People, including fictional"
2,3,The same.,MACBETH,PERSON,"People, including fictional"
2,3,The same.,MACDUFF,PERSON,"People, including fictional"
2,3,The same.,MACBETH,PERSON,"People, including fictional"
2,3,The same.,MACDUFF,PERSON,"People, including fictional"
2,3,The same.,MACBETH,PERSON,"People, including fictional"
2,3,The same.,MACDUFF,PERSON,"People, including fictional"
2,3,The same.,MACBETH,PERSON,"People, including fictional"
2,3,The same.,MACDUFF,PERSON,"People, including fictional"
2,3,The same.,Macduff,PERSON,"People, including fictional"
2,3,The same.,LENNOX,PERSON,"People, including fictional"
2,3,The same.,MACBETH,PERSON,"People, including fictional"
2,3,The same.,LENNOX,PERSON,"People, including fictional"
2,3,The same.,Lamentings,PERSON,"People, including fictional"
2,3,The same.,MACBETH,PERSON,"People, including fictional"
2,3,The same.,LENNOX,PERSON,"People, including fictional"
2,3,The same.,Macduff,PERSON,"People, including fictional"
2,3,The same.,MACDUFF,PERSON,"People, including fictional"
2,3,The same.,MACBETH,PERSON,"People, including fictional"
2,3,The same.,LENNOX,PERSON,"People, including fictional"
2,3,The same.,MACDUFF,PERSON,"People, including fictional"
2,3,The same.,MACBETH,PERSON,"People, including fictional"
2,3,The same.,LENNOX,PERSON,"People, including fictional"
2,3,The same.,MACDUFF,PERSON,"People, including fictional"
2,3,The same.,the chamber,LOCATION,LOCATION
2,3,The same.,Gorgon,PERSON,"People, including fictional"
2,3,The same.,Macbeth,PERSON,"People, including fictional"
2,3,The same.,Lennox,PERSON,"People, including fictional"
2,3,The same.,Banquo,PERSON,"People, including fictional"
2,3,The same.,Donalbain,PERSON,"People, including fictional"
2,3,The same.,Malcolm,PERSON,"People, including fictional"
2,3,The same.,Malcolm,PERSON,"People, including fictional"
2,3,The same.,Banquo,PERSON,"People, including fictional"
2,3,The same.,Alarum,PERSON,"People, including fictional"
2,3,The same.,Lady Macbeth.,PERSON,"People, including fictional"
2,3,The same.,LADY MACBETH.,PERSON,"People, including fictional"
2,3,The same.,MACDUFF,PERSON,"People, including fictional"
2,3,The same.,Banquo,PERSON,"People, including fictional"
2,3,The same.,Banquo,PERSON,"People, including fictional"
2,3,The same.,Banquo,PERSON,"People, including fictional"
2,3,The same.,LADY MACBETH.,PERSON,"People, including fictional"
2,3,The same.,BANQUO,PERSON,"People, including fictional"
2,3,The same.,Duff,PERSON,"People, including fictional"
2,3,The same.,Macbeth,PERSON,"People, including fictional"
2,3,The same.,Lennox,PERSON,"People, including fictional"
2,3,The same.,Ross,PERSON,"People, including fictional"
2,3,The same.,MACBETH,PERSON,"People, including fictional"
2,3,The same.,Malcolm,PERSON,"People, including fictional"
2,3,The same.,Donalbain,PERSON,"People, including fictional"
2,3,The same.,DONALBAIN,PERSON,"People, including fictional"
2,3,The same.,MACBETH,PERSON,"People, including fictional"
2,3,The same.,MACDUFF,PERSON,"People, including fictional"
2,3,The same.,MALCOLM,PERSON,"People, including fictional"
2,3,The same.,LENNOX,PERSON,"People, including fictional"
2,3,The same.,MACBETH,PERSON,"People, including fictional"
2,3,The same.,MACDUFF,PERSON,"People, including fictional"
2,3,The same.,MACBETH,PERSON,"People, including fictional"
2,3,The same.,Duncan,PERSON,"People, including fictional"
2,3,The same.,LADY MACBETH.,PERSON,"People, including fictional"
2,3,The same.,MACDUFF,PERSON,"People, including fictional"
2,3,The same.,MALCOLM,PERSON,"People, including fictional"
2,3,The same.,DONALBAIN,PERSON,"People, including fictional"
2,3,The same.,an auger,LOCATION,LOCATION
2,3,The same.,MALCOLM,PERSON,"People, including fictional"
2,3,The same.,the foot,LOCATION,LOCATION
2,3,The same.,BANQUO,PERSON,"People, including fictional"
2,3,The same.,Macbeth,PERSON,"People, including fictional"
2,3,The same.,MACDUFF,PERSON,"People, including fictional"
2,3,The same.,MACBETH,PERSON,"People, including fictional"
2,3,The same.,Malcolm,PERSON,"People, including fictional"
2,3,The same.,Donalbain,PERSON,"People, including fictional"
2,3,The same.,MALCOLM,PERSON,"People, including fictional"
2,3,The same.,England,GPE,"Countries, cities, states"
2,3,The same.,DONALBAIN,PERSON,"People, including fictional"
2,3,The same.,the near,LOCATION,LOCATION
2,3,The same.,MALCOLM,PERSON,"People, including fictional"
2,4,The same. Without the Castle.,Ross,PERSON,"People, including fictional"
2,4,The same. Without the Castle.,an Old Man.,PERSON,"People, including fictional"
2,4,The same. Without the Castle.,OLD MAN.,PERSON,"People, including fictional"
2,4,The same. Without the Castle.,ROSS,PERSON,"People, including fictional"
2,4,The same. Without the Castle.,OLD MAN.,PERSON,"People, including fictional"
2,4,The same. Without the Castle.,ROSS,PERSON,"People, including fictional"
2,4,The same. Without the Castle.,Duncan,PERSON,"People, including fictional"
2,4,The same. Without the Castle.,OLD MAN.,PERSON,"People, including fictional"
2,4,The same. Without the Castle.,ROSS,PERSON,"People, including fictional"
2,4,The same. Without the Castle.,Macduff,PERSON,"People, including fictional"
2,4,The same. Without the Castle.,Macduff,PERSON,"People, including fictional"
2,4,The same. Without the Castle.,MACDUFF,PERSON,"People, including fictional"
2,4,The same. Without the Castle.,ROSS,PERSON,"People, including fictional"
2,4,The same. Without the Castle.,MACDUFF,PERSON,"People, including fictional"
2,4,The same. Without the Castle.,Macbeth,PERSON,"People, including fictional"
2,4,The same. Without the Castle.,ROSS,PERSON,"People, including fictional"
2,4,The same. Without the Castle.,MACDUFF,PERSON,"People, including fictional"
2,4,The same. Without the Castle.,Malcolm,PERSON,"People, including fictional"
2,4,The same. Without the Castle.,Donalbain,PERSON,"People, including fictional"
2,4,The same. Without the Castle.,ROSS,PERSON,"People, including fictional"
2,4,The same. Without the Castle.,Macbeth,PERSON,"People, including fictional"
2,4,The same. Without the Castle.,MACDUFF,PERSON,"People, including fictional"
2,4,The same. Without the Castle.,ROSS,PERSON,"People, including fictional"
2,4,The same. Without the Castle.,Duncan,PERSON,"People, including fictional"
2,4,The same. Without the Castle.,MACDUFF,PERSON,"People, including fictional"
2,4,The same. Without the Castle.,ROSS,PERSON,"People, including fictional"
2,4,The same. Without the Castle.,MACDUFF,PERSON,"People, including fictional"
2,4,The same. Without the Castle.,Fife,GPE,"Countries, cities, states"
2,4,The same. Without the Castle.,ROSS,PERSON,"People, including fictional"
2,4,The same. Without the Castle.,MACDUFF,PERSON,"People, including fictional"
2,4,The same. Without the Castle.,ROSS,PERSON,"People, including fictional"
2,4,The same. Without the Castle.,OLD MAN.,PERSON,"People, including fictional"
3,1,Forres. A Room in the Palace.,Banquo,PERSON,"People, including fictional"
3,1,Forres. A Room in the Palace.,BANQUO,PERSON,"People, including fictional"
3,1,Forres. A Room in the Palace.,"King, Cawdor",TITLE,TITLE
3,1,Forres. A Room in the Palace.,Macbeth,PERSON,"People, including fictional"
3,1,Forres. A Room in the Palace.,Sennet,PERSON,"People, including fictional"
3,1,Forres. A Room in the Palace.,Macbeth,PERSON,"People, including fictional"
3,1,Forres. A Room in the Palace.,Macbeth,PERSON,"People, including fictional"
3,1,Forres. A Room in the Palace.,Lennox,PERSON,"People, including fictional"
3,1,Forres. A Room in the Palace.,Ross,PERSON,"People, including fictional"
3,1,Forres. A Room in the Palace.,Lords,PERSON,"People, including fictional"
3,1,Forres. A Room in the Palace.,MACBETH,PERSON,"People, including fictional"
3,1,Forres. A Room in the Palace.,LADY MACBETH.,PERSON,"People, including fictional"
3,1,Forres. A Room in the Palace.,MACBETH,PERSON,"People, including fictional"
3,1,Forres. A Room in the Palace.,BANQUO,PERSON,"People, including fictional"
3,1,Forres. A Room in the Palace.,MACBETH,PERSON,"People, including fictional"
3,1,Forres. A Room in the Palace.,BANQUO,PERSON,"People, including fictional"
3,1,Forres. A Room in the Palace.,MACBETH,PERSON,"People, including fictional"
3,1,Forres. A Room in the Palace.,BANQUO,PERSON,"People, including fictional"
3,1,Forres. A Room in the Palace.,MACBETH,PERSON,"People, including fictional"
3,1,Forres. A Room in the Palace.,BANQUO,PERSON,"People, including fictional"
3,1,Forres. A Room in the Palace.,MACBETH,PERSON,"People, including fictional"
3,1,Forres. A Room in the Palace.,England,GPE,"Countries, cities, states"
3,1,Forres. A Room in the Palace.,Fleance,PERSON,"People, including fictional"
3,1,Forres. A Room in the Palace.,BANQUO,PERSON,"People, including fictional"
3,1,Forres. A Room in the Palace.,MACBETH,PERSON,"People, including fictional"
3,1,Forres. A Room in the Palace.,Banquo,PERSON,"People, including fictional"
3,1,Forres. A Room in the Palace.,Macbeth,PERSON,"People, including fictional"
3,1,Forres. A Room in the Palace.,Lords,PERSON,"People, including fictional"
3,1,Forres. A Room in the Palace.,Sirrah,PERSON,"People, including fictional"
3,1,Forres. A Room in the Palace.,the palace,LOCATION,LOCATION
3,1,Forres. A Room in the Palace.,MACBETH,PERSON,"People, including fictional"
3,1,Forres. A Room in the Palace.,Banquo,PERSON,"People, including fictional"
3,1,Forres. A Room in the Palace.,Banquo,PERSON,"People, including fictional"
3,1,Forres. A Room in the Palace.,Duncan,PERSON,"People, including fictional"
3,1,Forres. A Room in the Palace.,Banquo,PERSON,"People, including fictional"
3,1,Forres. A Room in the Palace.,the door,LOCATION,LOCATION
3,1,Forres. A Room in the Palace.,MACBETH,PERSON,"People, including fictional"
3,1,Forres. A Room in the Palace.,Banquo,PERSON,"People, including fictional"
3,1,Forres. A Room in the Palace.,MACBETH,PERSON,"People, including fictional"
3,1,Forres. A Room in the Palace.,MACBETH,PERSON,"People, including fictional"
3,1,Forres. A Room in the Palace.,Shoughs,PERSON,"People, including fictional"
3,1,Forres. A Room in the Palace.,MACBETH,PERSON,"People, including fictional"
3,1,Forres. A Room in the Palace.,Banquo,PERSON,"People, including fictional"
3,1,Forres. A Room in the Palace.,MACBETH,PERSON,"People, including fictional"
3,1,Forres. A Room in the Palace.,MACBETH,PERSON,"People, including fictional"
3,1,Forres. A Room in the Palace.,the palace,LOCATION,LOCATION
3,1,Forres. A Room in the Palace.,Fleance,PERSON,"People, including fictional"
3,1,Forres. A Room in the Palace.,BOTH MURDERERS.,PERSON,"People, including fictional"
3,1,Forres. A Room in the Palace.,MACBETH,PERSON,"People, including fictional"
3,1,Forres. A Room in the Palace.,Banquo,PERSON,"People, including fictional"
3,2,The same. Another Room in the Palace.,Macbeth,PERSON,"People, including fictional"
3,2,The same. Another Room in the Palace.,LADY MACBETH.,PERSON,"People, including fictional"
3,2,The same. Another Room in the Palace.,Banquo,PERSON,"People, including fictional"
3,2,The same. Another Room in the Palace.,LADY MACBETH.,PERSON,"People, including fictional"
3,2,The same. Another Room in the Palace.,LADY MACBETH.,PERSON,"People, including fictional"
3,2,The same. Another Room in the Palace.,Macbeth,PERSON,"People, including fictional"
3,2,The same. Another Room in the Palace.,MACBETH,PERSON,"People, including fictional"
3,2,The same. Another Room in the Palace.,Remains,PERSON,"People, including fictional"
3,2,The same. Another Room in the Palace.,Duncan,PERSON,"People, including fictional"
3,2,The same. Another Room in the Palace.,LADY MACBETH.,PERSON,"People, including fictional"
3,2,The same. Another Room in the Palace.,MACBETH,PERSON,"People, including fictional"
3,2,The same. Another Room in the Palace.,Banquo,PERSON,"People, including fictional"
3,2,The same. Another Room in the Palace.,LADY MACBETH.,PERSON,"People, including fictional"
3,2,The same. Another Room in the Palace.,MACBETH,PERSON,"People, including fictional"
3,2,The same. Another Room in the Palace.,Banquo,PERSON,"People, including fictional"
3,2,The same. Another Room in the Palace.,Fleance,PERSON,"People, including fictional"
3,2,The same. Another Room in the Palace.,LADY MACBETH.,PERSON,"People, including fictional"
3,2,The same. Another Room in the Palace.,MACBETH,PERSON,"People, including fictional"
3,2,The same. Another Room in the Palace.,Hecate,PERSON,"People, including fictional"
3,2,The same. Another Room in the Palace.,LADY MACBETH.,PERSON,"People, including fictional"
3,2,The same. Another Room in the Palace.,MACBETH,PERSON,"People, including fictional"
3,3,"The same. A Park or Lawn, with a gate leading to the Palace.",Macbeth,PERSON,"People, including fictional"
3,3,"The same. A Park or Lawn, with a gate leading to the Palace.",BANQUO,PERSON,"People, including fictional"
3,3,"The same. A Park or Lawn, with a gate leading to the Palace.",the palace,LOCATION,LOCATION
3,3,"The same. A Park or Lawn, with a gate leading to the Palace.",Banquo,PERSON,"People, including fictional"
3,3,"The same. A Park or Lawn, with a gate leading to the Palace.",Fleance,PERSON,"People, including fictional"
3,3,"The same. A Park or Lawn, with a gate leading to the Palace.",THIRD MURDERER.,PERSON,"People, including fictional"
3,3,"The same. A Park or Lawn, with a gate leading to the Palace.",BANQUO,PERSON,"People, including fictional"
3,3,"The same. A Park or Lawn, with a gate leading to the Palace.",Banquo,PERSON,"People, including fictional"
3,3,"The same. A Park or Lawn, with a gate leading to the Palace.",BANQUO,PERSON,"People, including fictional"
3,3,"The same. A Park or Lawn, with a gate leading to the Palace.",Fleance,PERSON,"People, including fictional"
3,3,"The same. A Park or Lawn, with a gate leading to the Palace.",Fleance,PERSON,"People, including fictional"
3,4,The same. A Room of state in the Palace.,Macbeth,PERSON,"People, including fictional"
3,4,The same. A Room of state in the Palace.,Macbeth,PERSON,"People, including fictional"
3,4,The same. A Room of state in the Palace.,Ross,PERSON,"People, including fictional"
3,4,The same. A Room of state in the Palace.,Lennox,PERSON,"People, including fictional"
3,4,The same. A Room of state in the Palace.,Lords,PERSON,"People, including fictional"
3,4,The same. A Room of state in the Palace.,MACBETH,PERSON,"People, including fictional"
3,4,The same. A Room of state in the Palace.,LORDS,PERSON,"People, including fictional"
3,4,The same. A Room of state in the Palace.,MACBETH,PERSON,"People, including fictional"
3,4,The same. A Room of state in the Palace.,LADY MACBETH.,PERSON,"People, including fictional"
3,4,The same. A Room of state in the Palace.,the door,LOCATION,LOCATION
3,4,The same. A Room of state in the Palace.,MACBETH,PERSON,"People, including fictional"
3,4,The same. A Room of state in the Palace.,Banquo,PERSON,"People, including fictional"
3,4,The same. A Room of state in the Palace.,MACBETH,PERSON,"People, including fictional"
3,4,The same. A Room of state in the Palace.,MACBETH,PERSON,"People, including fictional"
3,4,The same. A Room of state in the Palace.,Fleance,PERSON,"People, including fictional"
3,4,The same. A Room of state in the Palace.,Fleance,PERSON,"People, including fictional"
3,4,The same. A Room of state in the Palace.,MACBETH,PERSON,"People, including fictional"
3,4,The same. A Room of state in the Palace.,Banquo,PERSON,"People, including fictional"
3,4,The same. A Room of state in the Palace.,MACBETH,PERSON,"People, including fictional"
3,4,The same. A Room of state in the Palace.,LADY MACBETH.,PERSON,"People, including fictional"
3,4,The same. A Room of state in the Palace.,Banquo,PERSON,"People, including fictional"
3,4,The same. A Room of state in the Palace.,Macbeth,PERSON,"People, including fictional"
3,4,The same. A Room of state in the Palace.,MACBETH,PERSON,"People, including fictional"
3,4,The same. A Room of state in the Palace.,LENNOX,PERSON,"People, including fictional"
3,4,The same. A Room of state in the Palace.,May't,PERSON,"People, including fictional"
3,4,The same. A Room of state in the Palace.,MACBETH,PERSON,"People, including fictional"
3,4,The same. A Room of state in the Palace.,Banquo,PERSON,"People, including fictional"
3,4,The same. A Room of state in the Palace.,ROSS,PERSON,"People, including fictional"
3,4,The same. A Room of state in the Palace.,MACBETH,PERSON,"People, including fictional"
3,4,The same. A Room of state in the Palace.,LENNOX,PERSON,"People, including fictional"
3,4,The same. A Room of state in the Palace.,MACBETH,PERSON,"People, including fictional"
3,4,The same. A Room of state in the Palace.,LENNOX,PERSON,"People, including fictional"
3,4,The same. A Room of state in the Palace.,MACBETH,PERSON,"People, including fictional"
3,4,The same. A Room of state in the Palace.,LORDS,PERSON,"People, including fictional"
3,4,The same. A Room of state in the Palace.,MACBETH,PERSON,"People, including fictional"
3,4,The same. A Room of state in the Palace.,ROSS,PERSON,"People, including fictional"
3,4,The same. A Room of state in the Palace.,LADY MACBETH.,PERSON,"People, including fictional"
3,4,The same. A Room of state in the Palace.,MACBETH,PERSON,"People, including fictional"
3,4,The same. A Room of state in the Palace.,LADY MACBETH.,PERSON,"People, including fictional"
3,4,The same. A Room of state in the Palace.,Duncan,PERSON,"People, including fictional"
3,4,The same. A Room of state in the Palace.,a winter,LOCATION,LOCATION
3,4,The same. A Room of state in the Palace.,MACBETH,PERSON,"People, including fictional"
3,4,The same. A Room of state in the Palace.,LADY MACBETH.,PERSON,"People, including fictional"
3,4,The same. A Room of state in the Palace.,MACBETH,PERSON,"People, including fictional"
3,4,The same. A Room of state in the Palace.,LADY MACBETH.,PERSON,"People, including fictional"
3,4,The same. A Room of state in the Palace.,MACBETH,PERSON,"People, including fictional"
3,4,The same. A Room of state in the Palace.,LADY MACBETH.,PERSON,"People, including fictional"
3,4,The same. A Room of state in the Palace.,MACBETH,PERSON,"People, including fictional"
3,4,The same. A Room of state in the Palace.,Banquo,PERSON,"People, including fictional"
3,4,The same. A Room of state in the Palace.,LORDS,PERSON,"People, including fictional"
3,4,The same. A Room of state in the Palace.,MACBETH,PERSON,"People, including fictional"
3,4,The same. A Room of state in the Palace.,LADY MACBETH.,PERSON,"People, including fictional"
3,4,The same. A Room of state in the Palace.,MACBETH,PERSON,"People, including fictional"
3,4,The same. A Room of state in the Palace.,Hyrcan,PERSON,"People, including fictional"
3,4,The same. A Room of state in the Palace.,LADY MACBETH.,PERSON,"People, including fictional"
3,4,The same. A Room of state in the Palace.,MACBETH,PERSON,"People, including fictional"
3,4,The same. A Room of state in the Palace.,ROSS,PERSON,"People, including fictional"
3,4,The same. A Room of state in the Palace.,LADY MACBETH.,PERSON,"People, including fictional"
3,4,The same. A Room of state in the Palace.,LENNOX,PERSON,"People, including fictional"
3,4,The same. A Room of state in the Palace.,LADY MACBETH.,PERSON,"People, including fictional"
3,4,The same. A Room of state in the Palace.,Lords,PERSON,"People, including fictional"
3,4,The same. A Room of state in the Palace.,MACBETH,PERSON,"People, including fictional"
3,4,The same. A Room of state in the Palace.,LADY MACBETH.,PERSON,"People, including fictional"
3,4,The same. A Room of state in the Palace.,MACBETH,PERSON,"People, including fictional"
3,4,The same. A Room of state in the Palace.,Macduff,PERSON,"People, including fictional"
3,4,The same. A Room of state in the Palace.,LADY MACBETH.,PERSON,"People, including fictional"
3,4,The same. A Room of state in the Palace.,MACBETH,PERSON,"People, including fictional"
3,4,The same. A Room of state in the Palace.,LADY MACBETH.,PERSON,"People, including fictional"
3,4,The same. A Room of state in the Palace.,MACBETH,PERSON,"People, including fictional"
3,5,The heath.,Hecate,PERSON,"People, including fictional"
3,5,The heath.,Hecate,PERSON,"People, including fictional"
3,5,The heath.,HECATE,PERSON,"People, including fictional"
3,5,The heath.,Macbeth,PERSON,"People, including fictional"
3,5,The heath.,the pit,LOCATION,LOCATION
3,5,The heath.,the corner,LOCATION,LOCATION
3,6,Forres. A Room in the Palace.,Lennox,PERSON,"People, including fictional"
3,6,Forres. A Room in the Palace.,LENNOX,PERSON,"People, including fictional"
3,6,Forres. A Room in the Palace.,Duncan,PERSON,"People, including fictional"
3,6,Forres. A Room in the Palace.,Banquo,PERSON,"People, including fictional"
3,6,Forres. A Room in the Palace.,Fleance,PERSON,"People, including fictional"
3,6,Forres. A Room in the Palace.,Fleance,PERSON,"People, including fictional"
3,6,Forres. A Room in the Palace.,Malcolm,PERSON,"People, including fictional"
3,6,Forres. A Room in the Palace.,Donalbain,PERSON,"People, including fictional"
3,6,Forres. A Room in the Palace.,Macbeth,PERSON,"People, including fictional"
3,6,Forres. A Room in the Palace.,Duncan,PERSON,"People, including fictional"
3,6,Forres. A Room in the Palace.,Fleance,PERSON,"People, including fictional"
3,6,Forres. A Room in the Palace.,Macduff,PERSON,"People, including fictional"
3,6,Forres. A Room in the Palace.,Duncan,PERSON,"People, including fictional"
3,6,Forres. A Room in the Palace.,Macduff,PERSON,"People, including fictional"
3,6,Forres. A Room in the Palace.,Northumberland,GPE,"Countries, cities, states"
3,6,Forres. A Room in the Palace.,Siward,PERSON,"People, including fictional"
3,6,Forres. A Room in the Palace.,LENNOX,PERSON,"People, including fictional"
3,6,Forres. A Room in the Palace.,Macduff,PERSON,"People, including fictional"
3,6,Forres. A Room in the Palace.,LENNOX,PERSON,"People, including fictional"
3,6,Forres. A Room in the Palace.,the court,LOCATION,LOCATION
3,6,Forres. A Room in the Palace.,England,GPE,"Countries, cities, states"
4,1,"A dark Cave. In the middle, a Cauldron Boiling.",THIRD,PERSON,"People, including fictional"
4,1,"A dark Cave. In the middle, a Cauldron Boiling.",THIRD,PERSON,"People, including fictional"
4,1,"A dark Cave. In the middle, a Cauldron Boiling.",maw,PERSON,"People, including fictional"
4,1,"A dark Cave. In the middle, a Cauldron Boiling.",-sea,LOCATION,LOCATION
4,1,"A dark Cave. In the middle, a Cauldron Boiling.",Root of hemlock,TITLE,TITLE
4,1,"A dark Cave. In the middle, a Cauldron Boiling.",Nose of Turk,TITLE,TITLE
4,1,"A dark Cave. In the middle, a Cauldron Boiling.",Hecate,PERSON,"People, including fictional"
4,1,"A dark Cave. In the middle, a Cauldron Boiling.",HECATE,PERSON,"People, including fictional"
4,1,"A dark Cave. In the middle, a Cauldron Boiling.",Hecate,PERSON,"People, including fictional"
4,1,"A dark Cave. In the middle, a Cauldron Boiling.",Macbeth,PERSON,"People, including fictional"
4,1,"A dark Cave. In the middle, a Cauldron Boiling.",MACBETH,PERSON,"People, including fictional"
4,1,"A dark Cave. In the middle, a Cauldron Boiling.",MACBETH,PERSON,"People, including fictional"
4,1,"A dark Cave. In the middle, a Cauldron Boiling.",THIRD,PERSON,"People, including fictional"
4,1,"A dark Cave. In the middle, a Cauldron Boiling.",MACBETH,PERSON,"People, including fictional"
4,1,"A dark Cave. In the middle, a Cauldron Boiling.",MACBETH,PERSON,"People, including fictional"
4,1,"A dark Cave. In the middle, a Cauldron Boiling.",Macbeth,PERSON,"People, including fictional"
4,1,"A dark Cave. In the middle, a Cauldron Boiling.",Macbeth,PERSON,"People, including fictional"
4,1,"A dark Cave. In the middle, a Cauldron Boiling.",Macbeth,PERSON,"People, including fictional"
4,1,"A dark Cave. In the middle, a Cauldron Boiling.",Macduff,PERSON,"People, including fictional"
4,1,"A dark Cave. In the middle, a Cauldron Boiling.",Thane of Fife.—Dismiss,TITLE,TITLE
4,1,"A dark Cave. In the middle, a Cauldron Boiling.",MACBETH,PERSON,"People, including fictional"
4,1,"A dark Cave. In the middle, a Cauldron Boiling.",Whate'er,PERSON,"People, including fictional"
4,1,"A dark Cave. In the middle, a Cauldron Boiling.",Macbeth,PERSON,"People, including fictional"
4,1,"A dark Cave. In the middle, a Cauldron Boiling.",Macbeth,PERSON,"People, including fictional"
4,1,"A dark Cave. In the middle, a Cauldron Boiling.",Macbeth,PERSON,"People, including fictional"
4,1,"A dark Cave. In the middle, a Cauldron Boiling.",MACBETH,PERSON,"People, including fictional"
4,1,"A dark Cave. In the middle, a Cauldron Boiling.",Macbeth,PERSON,"People, including fictional"
4,1,"A dark Cave. In the middle, a Cauldron Boiling.",MACBETH,PERSON,"People, including fictional"
4,1,"A dark Cave. In the middle, a Cauldron Boiling.",Macduff,PERSON,"People, including fictional"
4,1,"A dark Cave. In the middle, a Cauldron Boiling.",Macbeth,PERSON,"People, including fictional"
4,1,"A dark Cave. In the middle, a Cauldron Boiling.",Birnam,GPE,"Countries, cities, states"
4,1,"A dark Cave. In the middle, a Cauldron Boiling.",Dunsinane,GPE,"Countries, cities, states"
4,1,"A dark Cave. In the middle, a Cauldron Boiling.",MACBETH,PERSON,"People, including fictional"
4,1,"A dark Cave. In the middle, a Cauldron Boiling.",Birnam,GPE,"Countries, cities, states"
4,1,"A dark Cave. In the middle, a Cauldron Boiling.",Macbeth,PERSON,"People, including fictional"
4,1,"A dark Cave. In the middle, a Cauldron Boiling.",Banquo,PERSON,"People, including fictional"
4,1,"A dark Cave. In the middle, a Cauldron Boiling.",MACBETH,PERSON,"People, including fictional"
4,1,"A dark Cave. In the middle, a Cauldron Boiling.",Hautboys,PERSON,"People, including fictional"
4,1,"A dark Cave. In the middle, a Cauldron Boiling.",THIRD,PERSON,"People, including fictional"
4,1,"A dark Cave. In the middle, a Cauldron Boiling.",Banquo,PERSON,"People, including fictional"
4,1,"A dark Cave. In the middle, a Cauldron Boiling.",MACBETH,PERSON,"People, including fictional"
4,1,"A dark Cave. In the middle, a Cauldron Boiling.",Banquo,PERSON,"People, including fictional"
4,1,"A dark Cave. In the middle, a Cauldron Boiling.",Banquo,PERSON,"People, including fictional"
4,1,"A dark Cave. In the middle, a Cauldron Boiling.",Macbeth,PERSON,"People, including fictional"
4,1,"A dark Cave. In the middle, a Cauldron Boiling.",MACBETH,PERSON,"People, including fictional"
4,1,"A dark Cave. In the middle, a Cauldron Boiling.",Lennox,PERSON,"People, including fictional"
4,1,"A dark Cave. In the middle, a Cauldron Boiling.",LENNOX,PERSON,"People, including fictional"
4,1,"A dark Cave. In the middle, a Cauldron Boiling.",Grace,PERSON,"People, including fictional"
4,1,"A dark Cave. In the middle, a Cauldron Boiling.",MACBETH,PERSON,"People, including fictional"
4,1,"A dark Cave. In the middle, a Cauldron Boiling.",LENNOX,PERSON,"People, including fictional"
4,1,"A dark Cave. In the middle, a Cauldron Boiling.",MACBETH,PERSON,"People, including fictional"
4,1,"A dark Cave. In the middle, a Cauldron Boiling.",LENNOX,PERSON,"People, including fictional"
4,1,"A dark Cave. In the middle, a Cauldron Boiling.",MACBETH,PERSON,"People, including fictional"
4,1,"A dark Cave. In the middle, a Cauldron Boiling.",LENNOX,PERSON,"People, including fictional"
4,1,"A dark Cave. In the middle, a Cauldron Boiling.",Macduff,PERSON,"People, including fictional"
4,1,"A dark Cave. In the middle, a Cauldron Boiling.",England,GPE,"Countries, cities, states"
4,1,"A dark Cave. In the middle, a Cauldron Boiling.",MACBETH,PERSON,"People, including fictional"
4,1,"A dark Cave. In the middle, a Cauldron Boiling.",England,GPE,"Countries, cities, states"
4,1,"A dark Cave. In the middle, a Cauldron Boiling.",LENNOX,PERSON,"People, including fictional"
4,1,"A dark Cave. In the middle, a Cauldron Boiling.",MACBETH,PERSON,"People, including fictional"
4,1,"A dark Cave. In the middle, a Cauldron Boiling.",The castle,LOCATION,LOCATION
4,1,"A dark Cave. In the middle, a Cauldron Boiling.",Macduff,PERSON,"People, including fictional"
4,1,"A dark Cave. In the middle, a Cauldron Boiling.",Fife,GPE,"Countries, cities, states"
4,2,Fife. A Room in Macduff's Castle.,Macduff,PERSON,"People, including fictional"
4,2,Fife. A Room in Macduff's Castle.,Ross,PERSON,"People, including fictional"
4,2,Fife. A Room in Macduff's Castle.,LADY MACDUFF.,PERSON,"People, including fictional"
4,2,Fife. A Room in Macduff's Castle.,the land,LOCATION,LOCATION
4,2,Fife. A Room in Macduff's Castle.,ROSS,PERSON,"People, including fictional"
4,2,Fife. A Room in Macduff's Castle.,LADY MACDUFF.,PERSON,"People, including fictional"
4,2,Fife. A Room in Macduff's Castle.,ROSS,PERSON,"People, including fictional"
4,2,Fife. A Room in Macduff's Castle.,LADY MACDUFF.,PERSON,"People, including fictional"
4,2,Fife. A Room in Macduff's Castle.,ROSS,PERSON,"People, including fictional"
4,2,Fife. A Room in Macduff's Castle.,LADY MACDUFF.,PERSON,"People, including fictional"
4,2,Fife. A Room in Macduff's Castle.,ROSS,PERSON,"People, including fictional"
4,2,Fife. A Room in Macduff's Castle.,LADY MACDUFF.,PERSON,"People, including fictional"
4,2,Fife. A Room in Macduff's Castle.,LADY MACDUFF.,PERSON,"People, including fictional"
4,2,Fife. A Room in Macduff's Castle.,LADY MACDUFF.,PERSON,"People, including fictional"
4,2,Fife. A Room in Macduff's Castle.,LADY MACDUFF.,PERSON,"People, including fictional"
4,2,Fife. A Room in Macduff's Castle.,LADY MACDUFF.,PERSON,"People, including fictional"
4,2,Fife. A Room in Macduff's Castle.,LADY MACDUFF.,PERSON,"People, including fictional"
4,2,Fife. A Room in Macduff's Castle.,LADY MACDUFF.,PERSON,"People, including fictional"
4,2,Fife. A Room in Macduff's Castle.,LADY MACDUFF.,PERSON,"People, including fictional"
4,2,Fife. A Room in Macduff's Castle.,LADY MACDUFF.,PERSON,"People, including fictional"
4,2,Fife. A Room in Macduff's Castle.,LADY MACDUFF.,PERSON,"People, including fictional"
4,2,Fife. A Room in Macduff's Castle.,LADY MACDUFF.,PERSON,"People, including fictional"
4,2,Fife. A Room in Macduff's Castle.,LADY MACDUFF.,PERSON,"People, including fictional"
4,2,Fife. A Room in Macduff's Castle.,LADY MACDUFF.,PERSON,"People, including fictional"
4,2,Fife. A Room in Macduff's Castle.,MESSENGER,PERSON,"People, including fictional"
4,2,Fife. A Room in Macduff's Castle.,a homely,LOCATION,LOCATION
4,2,Fife. A Room in Macduff's Castle.,LADY MACDUFF.,PERSON,"People, including fictional"
4,2,Fife. A Room in Macduff's Castle.,LADY MACDUFF.,PERSON,"People, including fictional"
4,2,Fife. A Room in Macduff's Castle.,Macduff,PERSON,"People, including fictional"
4,3,England. Before the King's Palace.,Malcolm,PERSON,"People, including fictional"
4,3,England. Before the King's Palace.,Macduff,PERSON,"People, including fictional"
4,3,England. Before the King's Palace.,MALCOLM,PERSON,"People, including fictional"
4,3,England. Before the King's Palace.,MACDUFF,PERSON,"People, including fictional"
4,3,England. Before the King's Palace.,Scotland,GPE,"Countries, cities, states"
4,3,England. Before the King's Palace.,MALCOLM,PERSON,"People, including fictional"
4,3,England. Before the King's Palace.,MACDUFF,PERSON,"People, including fictional"
4,3,England. Before the King's Palace.,MALCOLM,PERSON,"People, including fictional"
4,3,England. Before the King's Palace.,Macbeth,PERSON,"People, including fictional"
4,3,England. Before the King's Palace.,MACDUFF,PERSON,"People, including fictional"
4,3,England. Before the King's Palace.,MALCOLM,PERSON,"People, including fictional"
4,3,England. Before the King's Palace.,MACDUFF,PERSON,"People, including fictional"
4,3,England. Before the King's Palace.,MALCOLM,PERSON,"People, including fictional"
4,3,England. Before the King's Palace.,England,GPE,"Countries, cities, states"
4,3,England. Before the King's Palace.,MACDUFF,PERSON,"People, including fictional"
4,3,England. Before the King's Palace.,MALCOLM,PERSON,"People, including fictional"
4,3,England. Before the King's Palace.,Macbeth,PERSON,"People, including fictional"
4,3,England. Before the King's Palace.,MACDUFF,PERSON,"People, including fictional"
4,3,England. Before the King's Palace.,Macbeth,PERSON,"People, including fictional"
4,3,England. Before the King's Palace.,MALCOLM,PERSON,"People, including fictional"
4,3,England. Before the King's Palace.,Macbeth,PERSON,"People, including fictional"
4,3,England. Before the King's Palace.,MACDUFF,PERSON,"People, including fictional"
4,3,England. Before the King's Palace.,MALCOLM,PERSON,"People, including fictional"
4,3,England. Before the King's Palace.,MACDUFF,PERSON,"People, including fictional"
4,3,England. Before the King's Palace.,Scotland,GPE,"Countries, cities, states"
4,3,England. Before the King's Palace.,MALCOLM,PERSON,"People, including fictional"
4,3,England. Before the King's Palace.,MACDUFF,PERSON,"People, including fictional"
4,3,England. Before the King's Palace.,Scotland,GPE,"Countries, cities, states"
4,3,England. Before the King's Palace.,Scotland,GPE,"Countries, cities, states"
4,3,England. Before the King's Palace.,MALCOLM,PERSON,"People, including fictional"
4,3,England. Before the King's Palace.,MACDUFF,PERSON,"People, including fictional"
4,3,England. Before the King's Palace.,MALCOLM,PERSON,"People, including fictional"
4,3,England. Before the King's Palace.,Macduff,PERSON,"People, including fictional"
4,3,England. Before the King's Palace.,Macbeth,PERSON,"People, including fictional"
4,3,England. Before the King's Palace.,Siward,PERSON,"People, including fictional"
4,3,England. Before the King's Palace.,MACDUFF,PERSON,"People, including fictional"
4,3,England. Before the King's Palace.,MALCOLM,PERSON,"People, including fictional"
4,3,England. Before the King's Palace.,DOCTOR,PERSON,"People, including fictional"
4,3,England. Before the King's Palace.,MALCOLM,PERSON,"People, including fictional"
4,3,England. Before the King's Palace.,MACDUFF,PERSON,"People, including fictional"
4,3,England. Before the King's Palace.,MALCOLM,PERSON,"People, including fictional"
4,3,England. Before the King's Palace.,England,GPE,"Countries, cities, states"
4,3,England. Before the King's Palace.,Ross,PERSON,"People, including fictional"
4,3,England. Before the King's Palace.,MACDUFF,PERSON,"People, including fictional"
4,3,England. Before the King's Palace.,MALCOLM,PERSON,"People, including fictional"
4,3,England. Before the King's Palace.,MACDUFF,PERSON,"People, including fictional"
4,3,England. Before the King's Palace.,MALCOLM,PERSON,"People, including fictional"
4,3,England. Before the King's Palace.,ROSS,PERSON,"People, including fictional"
4,3,England. Before the King's Palace.,MACDUFF,PERSON,"People, including fictional"
4,3,England. Before the King's Palace.,Scotland,GPE,"Countries, cities, states"
4,3,England. Before the King's Palace.,ROSS,PERSON,"People, including fictional"
4,3,England. Before the King's Palace.,MACDUFF,PERSON,"People, including fictional"
4,3,England. Before the King's Palace.,MALCOLM,PERSON,"People, including fictional"
4,3,England. Before the King's Palace.,ROSS,PERSON,"People, including fictional"
4,3,England. Before the King's Palace.,MACDUFF,PERSON,"People, including fictional"
4,3,England. Before the King's Palace.,ROSS,PERSON,"People, including fictional"
4,3,England. Before the King's Palace.,MACDUFF,PERSON,"People, including fictional"
4,3,England. Before the King's Palace.,ROSS,PERSON,"People, including fictional"
4,3,England. Before the King's Palace.,MACDUFF,PERSON,"People, including fictional"
4,3,England. Before the King's Palace.,ROSS,PERSON,"People, including fictional"
4,3,England. Before the King's Palace.,MACDUFF,PERSON,"People, including fictional"
4,3,England. Before the King's Palace.,a niggard,LOCATION,LOCATION
4,3,England. Before the King's Palace.,ROSS,PERSON,"People, including fictional"
4,3,England. Before the King's Palace.,Scotland,GPE,"Countries, cities, states"
4,3,England. Before the King's Palace.,MALCOLM,PERSON,"People, including fictional"
4,3,England. Before the King's Palace.,England,GPE,"Countries, cities, states"
4,3,England. Before the King's Palace.,Siward,PERSON,"People, including fictional"
4,3,England. Before the King's Palace.,ROSS,PERSON,"People, including fictional"
4,3,England. Before the King's Palace.,MACDUFF,PERSON,"People, including fictional"
4,3,England. Before the King's Palace.,ROSS,PERSON,"People, including fictional"
4,3,England. Before the King's Palace.,MACDUFF,PERSON,"People, including fictional"
4,3,England. Before the King's Palace.,ROSS,PERSON,"People, including fictional"
4,3,England. Before the King's Palace.,MACDUFF,PERSON,"People, including fictional"
4,3,England. Before the King's Palace.,Humh,PERSON,"People, including fictional"
4,3,England. Before the King's Palace.,ROSS,PERSON,"People, including fictional"
4,3,England. Before the King's Palace.,Your castle,LOCATION,LOCATION
4,3,England. Before the King's Palace.,the quarry,LOCATION,LOCATION
4,3,England. Before the King's Palace.,MALCOLM,PERSON,"People, including fictional"
4,3,England. Before the King's Palace.,MACDUFF,PERSON,"People, including fictional"
4,3,England. Before the King's Palace.,ROSS,PERSON,"People, including fictional"
4,3,England. Before the King's Palace.,MACDUFF,PERSON,"People, including fictional"
4,3,England. Before the King's Palace.,ROSS,PERSON,"People, including fictional"
4,3,England. Before the King's Palace.,MALCOLM,PERSON,"People, including fictional"
4,3,England. Before the King's Palace.,MACDUFF,PERSON,"People, including fictional"
4,3,England. Before the King's Palace.,MALCOLM,PERSON,"People, including fictional"
4,3,England. Before the King's Palace.,MACDUFF,PERSON,"People, including fictional"
4,3,England. Before the King's Palace.,Macduff,PERSON,"People, including fictional"
4,3,England. Before the King's Palace.,MALCOLM,PERSON,"People, including fictional"
4,3,England. Before the King's Palace.,the whetstone,LOCATION,LOCATION
4,3,England. Before the King's Palace.,MACDUFF,PERSON,"People, including fictional"
4,3,England. Before the King's Palace.,Scotland,GPE,"Countries, cities, states"
4,3,England. Before the King's Palace.,MALCOLM,PERSON,"People, including fictional"
4,3,England. Before the King's Palace.,the King,LOCATION,LOCATION
4,3,England. Before the King's Palace.,Macbeth,PERSON,"People, including fictional"
5,1,Dunsinane. A Room in the Castle.,GENTLEWOMAN,PERSON,"People, including fictional"
5,1,Dunsinane. A Room in the Castle.,the field,LOCATION,LOCATION
5,1,Dunsinane. A Room in the Castle.,DOCTOR,PERSON,"People, including fictional"
5,1,Dunsinane. A Room in the Castle.,GENTLEWOMAN,PERSON,"People, including fictional"
5,1,Dunsinane. A Room in the Castle.,DOCTOR,PERSON,"People, including fictional"
5,1,Dunsinane. A Room in the Castle.,GENTLEWOMAN,PERSON,"People, including fictional"
5,1,Dunsinane. A Room in the Castle.,Macbeth,PERSON,"People, including fictional"
5,1,Dunsinane. A Room in the Castle.,DOCTOR,PERSON,"People, including fictional"
5,1,Dunsinane. A Room in the Castle.,GENTLEWOMAN,PERSON,"People, including fictional"
5,1,Dunsinane. A Room in the Castle.,DOCTOR,PERSON,"People, including fictional"
5,1,Dunsinane. A Room in the Castle.,GENTLEWOMAN,PERSON,"People, including fictional"
5,1,Dunsinane. A Room in the Castle.,DOCTOR,PERSON,"People, including fictional"
5,1,Dunsinane. A Room in the Castle.,GENTLEWOMAN,PERSON,"People, including fictional"
5,1,Dunsinane. A Room in the Castle.,LADY MACBETH.,PERSON,"People, including fictional"
5,1,Dunsinane. A Room in the Castle.,DOCTOR,PERSON,"People, including fictional"
5,1,Dunsinane. A Room in the Castle.,LADY MACBETH.,PERSON,"People, including fictional"
5,1,Dunsinane. A Room in the Castle.,DOCTOR,PERSON,"People, including fictional"
5,1,Dunsinane. A Room in the Castle.,LADY MACBETH.,PERSON,"People, including fictional"
5,1,Dunsinane. A Room in the Castle.,Thane of Fife,TITLE,TITLE
5,1,Dunsinane. A Room in the Castle.,DOCTOR,PERSON,"People, including fictional"
5,1,Dunsinane. A Room in the Castle.,GENTLEWOMAN,PERSON,"People, including fictional"
5,1,Dunsinane. A Room in the Castle.,LADY MACBETH.,PERSON,"People, including fictional"
5,1,Dunsinane. A Room in the Castle.,Arabia,GPE,"Countries, cities, states"
5,1,Dunsinane. A Room in the Castle.,DOCTOR,PERSON,"People, including fictional"
5,1,Dunsinane. A Room in the Castle.,GENTLEWOMAN,PERSON,"People, including fictional"
5,1,Dunsinane. A Room in the Castle.,DOCTOR,PERSON,"People, including fictional"
5,1,Dunsinane. A Room in the Castle.,GENTLEWOMAN,PERSON,"People, including fictional"
5,1,Dunsinane. A Room in the Castle.,DOCTOR,PERSON,"People, including fictional"
5,1,Dunsinane. A Room in the Castle.,LADY MACBETH.,PERSON,"People, including fictional"
5,1,Dunsinane. A Room in the Castle.,Banquo,PERSON,"People, including fictional"
5,1,Dunsinane. A Room in the Castle.,DOCTOR,PERSON,"People, including fictional"
5,1,Dunsinane. A Room in the Castle.,LADY MACBETH.,PERSON,"People, including fictional"
5,1,Dunsinane. A Room in the Castle.,the gate,LOCATION,LOCATION
5,1,Dunsinane. A Room in the Castle.,GENTLEWOMAN,PERSON,"People, including fictional"
5,1,Dunsinane. A Room in the Castle.,DOCTOR,PERSON,"People, including fictional"
5,1,Dunsinane. A Room in the Castle.,GENTLEWOMAN,PERSON,"People, including fictional"
5,2,The Country near Dunsinane.,Menteith,PERSON,"People, including fictional"
5,2,The Country near Dunsinane.,Caithness,PERSON,"People, including fictional"
5,2,The Country near Dunsinane.,Angus,PERSON,"People, including fictional"
5,2,The Country near Dunsinane.,Lennox,PERSON,"People, including fictional"
5,2,The Country near Dunsinane.,MENTEITH,PERSON,"People, including fictional"
5,2,The Country near Dunsinane.,Malcolm,PERSON,"People, including fictional"
5,2,The Country near Dunsinane.,Siward,PERSON,"People, including fictional"
5,2,The Country near Dunsinane.,Macduff,PERSON,"People, including fictional"
5,2,The Country near Dunsinane.,ANGUS,PERSON,"People, including fictional"
5,2,The Country near Dunsinane.,Birnam,GPE,"Countries, cities, states"
5,2,The Country near Dunsinane.,CAITHNESS,PERSON,"People, including fictional"
5,2,The Country near Dunsinane.,Donalbain,PERSON,"People, including fictional"
5,2,The Country near Dunsinane.,LENNOX,PERSON,"People, including fictional"
5,2,The Country near Dunsinane.,Siward,PERSON,"People, including fictional"
5,2,The Country near Dunsinane.,MENTEITH,PERSON,"People, including fictional"
5,2,The Country near Dunsinane.,CAITHNESS,PERSON,"People, including fictional"
5,2,The Country near Dunsinane.,Dunsinane,GPE,"Countries, cities, states"
5,2,The Country near Dunsinane.,ANGUS,PERSON,"People, including fictional"
5,2,The Country near Dunsinane.,MENTEITH,PERSON,"People, including fictional"
5,2,The Country near Dunsinane.,CAITHNESS,PERSON,"People, including fictional"
5,2,The Country near Dunsinane.,LENNOX,PERSON,"People, including fictional"
5,2,The Country near Dunsinane.,Birnam,GPE,"Countries, cities, states"
5,3,Dunsinane. A Room in the Castle.,Macbeth,PERSON,"People, including fictional"
5,3,Dunsinane. A Room in the Castle.,MACBETH,PERSON,"People, including fictional"
5,3,Dunsinane. A Room in the Castle.,Birnam,GPE,"Countries, cities, states"
5,3,Dunsinane. A Room in the Castle.,Dunsinane,GPE,"Countries, cities, states"
5,3,Dunsinane. A Room in the Castle.,boy,PERSON,"People, including fictional"
5,3,Dunsinane. A Room in the Castle.,Malcolm,PERSON,"People, including fictional"
5,3,Dunsinane. A Room in the Castle.,Macbeth,PERSON,"People, including fictional"
5,3,Dunsinane. A Room in the Castle.,MACBETH,PERSON,"People, including fictional"
5,3,Dunsinane. A Room in the Castle.,MACBETH,PERSON,"People, including fictional"
5,3,Dunsinane. A Room in the Castle.,boy,PERSON,"People, including fictional"
5,3,Dunsinane. A Room in the Castle.,MACBETH,PERSON,"People, including fictional"
5,3,Dunsinane. A Room in the Castle.,Seyton,PERSON,"People, including fictional"
5,3,Dunsinane. A Room in the Castle.,the sere,LOCATION,LOCATION
5,3,Dunsinane. A Room in the Castle.,Seyton,PERSON,"People, including fictional"
5,3,Dunsinane. A Room in the Castle.,Seyton,PERSON,"People, including fictional"
5,3,Dunsinane. A Room in the Castle.,SEYTON,PERSON,"People, including fictional"
5,3,Dunsinane. A Room in the Castle.,MACBETH,PERSON,"People, including fictional"
5,3,Dunsinane. A Room in the Castle.,SEYTON,PERSON,"People, including fictional"
5,3,Dunsinane. A Room in the Castle.,MACBETH,PERSON,"People, including fictional"
5,3,Dunsinane. A Room in the Castle.,SEYTON,PERSON,"People, including fictional"
5,3,Dunsinane. A Room in the Castle.,MACBETH,PERSON,"People, including fictional"
5,3,Dunsinane. A Room in the Castle.,DOCTOR,PERSON,"People, including fictional"
5,3,Dunsinane. A Room in the Castle.,MACBETH,PERSON,"People, including fictional"
5,3,Dunsinane. A Room in the Castle.,Raze,PERSON,"People, including fictional"
5,3,Dunsinane. A Room in the Castle.,DOCTOR,PERSON,"People, including fictional"
5,3,Dunsinane. A Room in the Castle.,MACBETH,PERSON,"People, including fictional"
5,3,Dunsinane. A Room in the Castle.,Seyton,PERSON,"People, including fictional"
5,3,Dunsinane. A Room in the Castle.,DOCTOR,PERSON,"People, including fictional"
5,3,Dunsinane. A Room in the Castle.,MACBETH,PERSON,"People, including fictional"
5,3,Dunsinane. A Room in the Castle.,Birnam,GPE,"Countries, cities, states"
5,3,Dunsinane. A Room in the Castle.,Dunsinane,GPE,"Countries, cities, states"
5,3,Dunsinane. A Room in the Castle.,DOCTOR,PERSON,"People, including fictional"
5,3,Dunsinane. A Room in the Castle.,Dunsinane,GPE,"Countries, cities, states"
5,4,Country near Dunsinane: a Wood in view.,Malcolm,PERSON,"People, including fictional"
5,4,Country near Dunsinane: a Wood in view.,Siward,PERSON,"People, including fictional"
5,4,Country near Dunsinane: a Wood in view.,Macduff,PERSON,"People, including fictional"
5,4,Country near Dunsinane: a Wood in view.,Menteith,PERSON,"People, including fictional"
5,4,Country near Dunsinane: a Wood in view.,Caithness,PERSON,"People, including fictional"
5,4,Country near Dunsinane: a Wood in view.,Angus,PERSON,"People, including fictional"
5,4,Country near Dunsinane: a Wood in view.,Lennox,PERSON,"People, including fictional"
5,4,Country near Dunsinane: a Wood in view.,Ross,PERSON,"People, including fictional"
5,4,Country near Dunsinane: a Wood in view.,MALCOLM,PERSON,"People, including fictional"
5,4,Country near Dunsinane: a Wood in view.,MENTEITH,PERSON,"People, including fictional"
5,4,Country near Dunsinane: a Wood in view.,SIWARD,PERSON,"People, including fictional"
5,4,Country near Dunsinane: a Wood in view.,MENTEITH,PERSON,"People, including fictional"
5,4,Country near Dunsinane: a Wood in view.,Birnam,GPE,"Countries, cities, states"
5,4,Country near Dunsinane: a Wood in view.,MALCOLM,PERSON,"People, including fictional"
5,4,Country near Dunsinane: a Wood in view.,Err,PERSON,"People, including fictional"
5,4,Country near Dunsinane: a Wood in view.,SIWARD,PERSON,"People, including fictional"
5,4,Country near Dunsinane: a Wood in view.,Dunsinane,GPE,"Countries, cities, states"
5,4,Country near Dunsinane: a Wood in view.,MALCOLM,PERSON,"People, including fictional"
5,4,Country near Dunsinane: a Wood in view.,MACDUFF,PERSON,"People, including fictional"
5,4,Country near Dunsinane: a Wood in view.,SIWARD,PERSON,"People, including fictional"
5,5,Dunsinane. Within the castle.,Macbeth,PERSON,"People, including fictional"
5,5,Dunsinane. Within the castle.,Seyton,PERSON,"People, including fictional"
5,5,Dunsinane. Within the castle.,MACBETH,PERSON,"People, including fictional"
5,5,Dunsinane. Within the castle.,the outward,LOCATION,LOCATION
5,5,Dunsinane. Within the castle.,Our castle,LOCATION,LOCATION
5,5,Dunsinane. Within the castle.,SEYTON,PERSON,"People, including fictional"
5,5,Dunsinane. Within the castle.,MACBETH,PERSON,"People, including fictional"
5,5,Dunsinane. Within the castle.,Direness,PERSON,"People, including fictional"
5,5,Dunsinane. Within the castle.,Seyton,PERSON,"People, including fictional"
5,5,Dunsinane. Within the castle.,SEYTON,PERSON,"People, including fictional"
5,5,Dunsinane. Within the castle.,MACBETH,PERSON,"People, including fictional"
5,5,Dunsinane. Within the castle.,a Messenger.,PERSON,"People, including fictional"
5,5,Dunsinane. Within the castle.,MESSENGER,PERSON,"People, including fictional"
5,5,Dunsinane. Within the castle.,MACBETH,PERSON,"People, including fictional"
5,5,Dunsinane. Within the castle.,MESSENGER,PERSON,"People, including fictional"
5,5,Dunsinane. Within the castle.,Birnam,GPE,"Countries, cities, states"
5,5,Dunsinane. Within the castle.,MACBETH,PERSON,"People, including fictional"
5,5,Dunsinane. Within the castle.,MESSENGER,PERSON,"People, including fictional"
5,5,Dunsinane. Within the castle.,MACBETH,PERSON,"People, including fictional"
5,5,Dunsinane. Within the castle.,Birnam,GPE,"Countries, cities, states"
5,5,Dunsinane. Within the castle.,Dunsinane,GPE,"Countries, cities, states"
5,5,Dunsinane. Within the castle.,a wood,LOCATION,LOCATION
5,6,The same. A Plain before the Castle.,Malcolm,PERSON,"People, including fictional"
5,6,The same. A Plain before the Castle.,Siward,PERSON,"People, including fictional"
5,6,The same. A Plain before the Castle.,Macduff,PERSON,"People, including fictional"
5,6,The same. A Plain before the Castle.,MALCOLM,PERSON,"People, including fictional"
5,6,The same. A Plain before the Castle.,Macduff,PERSON,"People, including fictional"
5,6,The same. A Plain before the Castle.,SIWARD,PERSON,"People, including fictional"
5,6,The same. A Plain before the Castle.,MACDUFF,PERSON,"People, including fictional"
5,7,The same. Another part of the Plain.,Alarums,PERSON,"People, including fictional"
5,7,The same. Another part of the Plain.,Macbeth,PERSON,"People, including fictional"
5,7,The same. Another part of the Plain.,MACBETH,PERSON,"People, including fictional"
5,7,The same. Another part of the Plain.,young Siward,PERSON,"People, including fictional"
5,7,The same. Another part of the Plain.,YOUNG SIWARD,PERSON,"People, including fictional"
5,7,The same. Another part of the Plain.,MACBETH,PERSON,"People, including fictional"
5,7,The same. Another part of the Plain.,YOUNG SIWARD,PERSON,"People, including fictional"
5,7,The same. Another part of the Plain.,MACBETH,PERSON,"People, including fictional"
5,7,The same. Another part of the Plain.,Macbeth,PERSON,"People, including fictional"
5,7,The same. Another part of the Plain.,YOUNG SIWARD,PERSON,"People, including fictional"
5,7,The same. Another part of the Plain.,MACBETH,PERSON,"People, including fictional"
5,7,The same. Another part of the Plain.,YOUNG SIWARD,PERSON,"People, including fictional"
5,7,The same. Another part of the Plain.,young Siward,PERSON,"People, including fictional"
5,7,The same. Another part of the Plain.,MACBETH,PERSON,"People, including fictional"
5,7,The same. Another part of the Plain.,Alarums,PERSON,"People, including fictional"
5,7,The same. Another part of the Plain.,Macduff,PERSON,"People, including fictional"
5,7,The same. Another part of the Plain.,MACDUFF,PERSON,"People, including fictional"
5,7,The same. Another part of the Plain.,Macbeth,PERSON,"People, including fictional"
5,7,The same. Another part of the Plain.,Alarums,PERSON,"People, including fictional"
5,7,The same. Another part of the Plain.,Malcolm,PERSON,"People, including fictional"
5,7,The same. Another part of the Plain.,Siward,PERSON,"People, including fictional"
5,7,The same. Another part of the Plain.,SIWARD,PERSON,"People, including fictional"
5,7,The same. Another part of the Plain.,lord;—the castle,LOCATION,LOCATION
5,7,The same. Another part of the Plain.,MALCOLM,PERSON,"People, including fictional"
5,7,The same. Another part of the Plain.,SIWARD,PERSON,"People, including fictional"
5,7,The same. Another part of the Plain.,the castle,LOCATION,LOCATION
5,7,The same. Another part of the Plain.,Alarums,PERSON,"People, including fictional"
5,8,The same. Another part of the field.,Macbeth,PERSON,"People, including fictional"
5,8,The same. Another part of the field.,MACBETH,PERSON,"People, including fictional"
5,8,The same. Another part of the field.,Macduff,PERSON,"People, including fictional"
5,8,The same. Another part of the field.,MACDUFF,PERSON,"People, including fictional"
5,8,The same. Another part of the field.,MACBETH,PERSON,"People, including fictional"
5,8,The same. Another part of the field.,MACDUFF,PERSON,"People, including fictional"
5,8,The same. Another part of the field.,MACBETH,PERSON,"People, including fictional"
5,8,The same. Another part of the field.,MACDUFF,PERSON,"People, including fictional"
5,8,The same. Another part of the field.,Macduff,PERSON,"People, including fictional"
5,8,The same. Another part of the field.,MACBETH,PERSON,"People, including fictional"
5,8,The same. Another part of the field.,MACDUFF,PERSON,"People, including fictional"
5,8,The same. Another part of the field.,MACBETH,PERSON,"People, including fictional"
5,8,The same. Another part of the field.,Malcolm,PERSON,"People, including fictional"
5,8,The same. Another part of the field.,Birnam,GPE,"Countries, cities, states"
5,8,The same. Another part of the field.,Dunsinane,GPE,"Countries, cities, states"
5,8,The same. Another part of the field.,Macduff,PERSON,"People, including fictional"
5,8,The same. Another part of the field.,Alarums,PERSON,"People, including fictional"
5,8,The same. Another part of the field.,Malcolm,PERSON,"People, including fictional"
5,8,The same. Another part of the field.,Siward,PERSON,"People, including fictional"
5,8,The same. Another part of the field.,Ross,PERSON,"People, including fictional"
5,8,The same. Another part of the field.,MALCOLM,PERSON,"People, including fictional"
5,8,The same. Another part of the field.,SIWARD,PERSON,"People, including fictional"
5,8,The same. Another part of the field.,MALCOLM,PERSON,"People, including fictional"
5,8,The same. Another part of the field.,Macduff,PERSON,"People, including fictional"
5,8,The same. Another part of the field.,ROSS,PERSON,"People, including fictional"
5,8,The same. Another part of the field.,SIWARD,PERSON,"People, including fictional"
5,8,The same. Another part of the field.,ROSS,PERSON,"People, including fictional"
5,8,The same. Another part of the field.,the field,LOCATION,LOCATION
5,8,The same. Another part of the field.,SIWARD,PERSON,"People, including fictional"
5,8,The same. Another part of the field.,ROSS,PERSON,"People, including fictional"
5,8,The same. Another part of the field.,SIWARD,PERSON,"People, including fictional"
5,8,The same. Another part of the field.,MALCOLM,PERSON,"People, including fictional"
5,8,The same. Another part of the field.,SIWARD,PERSON,"People, including fictional"
5,8,The same. Another part of the field.,Macduff,PERSON,"People, including fictional"
5,8,The same. Another part of the field.,Macbeth,PERSON,"People, including fictional"
5,8,The same. Another part of the field.,MACDUFF,PERSON,"People, including fictional"
5,8,The same. Another part of the field.,King of Scotland,TITLE,TITLE
5,8,The same. Another part of the field.,King of Scotland,TITLE,TITLE
5,8,The same. Another part of the field.,MALCOLM,PERSON,"People, including fictional"
5,8,The same. Another part of the field.,Scotland,GPE,"Countries, cities, states"
