act,scene,speaker,sentence,pronoun,resolved_to,gender_group,window_size_used
1,2,DUNCAN,"He can report, As seemeth by his plight, of the revolt The newest state.",He,DUNCAN,male,2
1,2,DUNCAN,"He can report, As seemeth by his plight, of the revolt The newest state.",his,DUNCAN,male,2
1,2,MALCOLM,Say to the King the knowledge of the broil As thou didst leave it.,it,MALCOLM,neutral,5
1,2,SOLDIER,Doubtful it stood; As two spent swimmers that do cling together And choke their art.,it,SOLDIER,neutral,6
1,2,SOLDIER,Doubtful it stood; As two spent swimmers that do cling together And choke their art.,their,SOLDIER,neutral,6
1,2,SOLDIER,"The merciless Macdonwald (Worthy to be a rebel, for to that The multiplying villainies of nature Do swarm upon him) from",him,MALCOLM,male,7
1,2,SOLDIER,"The merciless Macdonwald (Worthy to be a rebel, for to that The multiplying villainies of nature Do swarm upon him) from",his,MALCOLM,male,7
1,2,SOLDIER,"But all's too weak; For brave Macbeth (well he deserves that name), Disdaining Fortune, with his brandish'd steel, Which",he,Macbeth,male,7
1,2,SOLDIER,"But all's too weak; For brave Macbeth (well he deserves that name), Disdaining Fortune, with his brandish'd steel, Which",his,Macbeth,male,7
1,2,SOLDIER,"But all's too weak; For brave Macbeth (well he deserves that name), Disdaining Fortune, with his brandish'd steel, Which",his,Macbeth,male,7
1,2,SOLDIER,"But all's too weak; For brave Macbeth (well he deserves that name), Disdaining Fortune, with his brandish'd steel, Which",he,Macbeth,male,7
1,2,SOLDIER,"But all's too weak; For brave Macbeth (well he deserves that name), Disdaining Fortune, with his brandish'd steel, Which",him,Macbeth,male,7
1,2,SOLDIER,"But all's too weak; For brave Macbeth (well he deserves that name), Disdaining Fortune, with his brandish'd steel, Which",he,Macbeth,male,7
1,2,SOLDIER,"But all's too weak; For brave Macbeth (well he deserves that name), Disdaining Fortune, with his brandish'd steel, Which",him,Macbeth,male,7
1,2,SOLDIER,"But all's too weak; For brave Macbeth (well he deserves that name), Disdaining Fortune, with his brandish'd steel, Which",his,Macbeth,male,7
1,2,SOLDIER,"As whence the sun 'gins his reflection Shipwracking storms and direful thunders break, So from that spring, whence comfo",his,DUNCAN,male,7
1,2,SOLDIER,"Mark, King of Scotland, mark: No sooner justice had, with valour arm'd, Compell'd these skipping kerns to trust their he",their,SOLDIER,neutral,7
1,2,SOLDIER,"If I say sooth, I must report they were As cannons overcharg'd with double cracks; So they Doubly redoubled strokes upon",they,Golgotha,neutral,7
1,2,SOLDIER,"If I say sooth, I must report they were As cannons overcharg'd with double cracks; So they Doubly redoubled strokes upon",they,Golgotha,neutral,7
1,2,SOLDIER,"If I say sooth, I must report they were As cannons overcharg'd with double cracks; So they Doubly redoubled strokes upon",they,Golgotha,neutral,7
1,2,DUNCAN,"So well thy words become thee as thy wounds: They smack of honour both.—Go, get him surgeons.",They,DUNCAN,neutral,7
1,2,DUNCAN,"So well thy words become thee as thy wounds: They smack of honour both.—Go, get him surgeons.",him,DUNCAN,male,7
1,2,LENNOX,What a haste looks through his eyes!,his,LENNOX,male,7
1,2,LENNOX,So should he look That seems to speak things strange.,he,LENNOX,male,7
1,2,ROSS,"Norway himself, with terrible numbers, Assisted by that most disloyal traitor, The Thane of Cawdor, began a dismal confl",himself,ROSS,male,7
1,2,ROSS,"Norway himself, with terrible numbers, Assisted by that most disloyal traitor, The Thane of Cawdor, began a dismal confl",him,ROSS,male,7
1,2,ROSS,"Norway himself, with terrible numbers, Assisted by that most disloyal traitor, The Thane of Cawdor, began a dismal confl",his,ROSS,male,7
1,2,ROSS,"That now Sweno, the Norways' king, craves composition; Nor would we deign him burial of his men Till he disbursed at Sai",him,ROSS,male,7
1,2,ROSS,"That now Sweno, the Norways' king, craves composition; Nor would we deign him burial of his men Till he disbursed at Sai",his,ROSS,male,7
1,2,ROSS,"That now Sweno, the Norways' king, craves composition; Nor would we deign him burial of his men Till he disbursed at Sai",he,ROSS,male,7
1,2,DUNCAN,"Go pronounce his present death, And with his former title greet Macbeth.",his,Macbeth,male,7
1,2,DUNCAN,"Go pronounce his present death, And with his former title greet Macbeth.",his,Macbeth,male,7
1,2,ROSS,I'll see it done.,it,ROSS,neutral,7
1,2,DUNCAN,"What he hath lost, noble Macbeth hath won.",he,Macbeth,male,7
1,3,FIRST WITCH,"A sailor's wife had chestnuts in her lap, And mounch'd, and mounch'd, and mounch'd. ""Give me,"" quoth I. ""Aroint thee, wi",her,Aroint,unknown,5
1,3,FIRST WITCH,"Her husband's to Aleppo gone, master o' th' Tiger:",Her,FIRST WITCH,unknown,7
1,3,FIRST WITCH,"I myself have all the other, And the very ports they blow, All the quarters that they know I' the shipman's card.",they,FIRST WITCH,neutral,7
1,3,FIRST WITCH,"I myself have all the other, And the very ports they blow, All the quarters that they know I' the shipman's card.",they,FIRST WITCH,neutral,7
1,3,FIRST WITCH,I will drain him dry as hay: Sleep shall neither night nor day Hang upon his pent-house lid; He shall live a man forbid.,him,FIRST WITCH,unknown,7
1,3,FIRST WITCH,I will drain him dry as hay: Sleep shall neither night nor day Hang upon his pent-house lid; He shall live a man forbid.,his,FIRST WITCH,unknown,7
1,3,FIRST WITCH,I will drain him dry as hay: Sleep shall neither night nor day Hang upon his pent-house lid; He shall live a man forbid.,He,FIRST WITCH,unknown,7
1,3,FIRST WITCH,"Weary sev'n-nights nine times nine, Shall he dwindle, peak, and pine:",he,FIRST WITCH,unknown,7
1,3,FIRST WITCH,"Though his bark cannot be lost, Yet it shall be tempest-tost.",his,FIRST WITCH,unknown,7
1,3,FIRST WITCH,"Though his bark cannot be lost, Yet it shall be tempest-tost.",it,FIRST WITCH,neutral,7
1,3,FIRST WITCH,"Here I have a pilot's thumb, Wrack'd as homeward he did come.",he,FIRST WITCH,unknown,7
1,3,BANQUO,"How far is't call'd to Forres?—What are these, So wither'd, and so wild in their attire, That look not like the inhabita",their,BANQUO,neutral,7
1,3,BANQUO,"You seem to understand me, By each at once her choppy finger laying Upon her skinny lips.",her,BANQUO,unknown,7
1,3,BANQUO,"You seem to understand me, By each at once her choppy finger laying Upon her skinny lips.",her,BANQUO,unknown,7
1,3,BANQUO,"My noble partner You greet with present grace and great prediction Of noble having and of royal hope, That he seems rapt",he,BANQUO,male,7
1,3,BANQUO,"The earth hath bubbles, as the water has, And these are of them.",them,BANQUO,neutral,7
1,3,BANQUO,Whither are they vanish'd?,they,BANQUO,neutral,7
1,3,MACBETH,Would they had stay'd!,they,MACBETH,neutral,7
1,3,MACBETH,And Thane of Cawdor too; went it not so?,it,MACBETH,neutral,7
1,3,ROSS,"when he reads Thy personal venture in the rebels' fight, His wonders and his praises do contend Which should be thine or",he,ROSS,male,7
1,3,ROSS,"when he reads Thy personal venture in the rebels' fight, His wonders and his praises do contend Which should be thine or",His,ROSS,male,7
1,3,ROSS,"when he reads Thy personal venture in the rebels' fight, His wonders and his praises do contend Which should be thine or",his,ROSS,male,7
1,3,ROSS,"when he reads Thy personal venture in the rebels' fight, His wonders and his praises do contend Which should be thine or",his,ROSS,male,7
1,3,ROSS,"when he reads Thy personal venture in the rebels' fight, His wonders and his praises do contend Which should be thine or",He,ROSS,male,7
1,3,ROSS,"As thick as tale Came post with post; and everyone did bear Thy praises in his kingdom's great defence, And pour'd them ",his,ROSS,male,7
1,3,ROSS,"As thick as tale Came post with post; and everyone did bear Thy praises in his kingdom's great defence, And pour'd them ",them,ROSS,neutral,7
1,3,ROSS,"As thick as tale Came post with post; and everyone did bear Thy praises in his kingdom's great defence, And pour'd them ",him,ROSS,male,7
1,3,ANGUS,"We are sent To give thee from our royal master thanks; Only to herald thee into his sight, Not pay thee.",his,ANGUS,male,7
1,3,ROSS,"And, for an earnest of a greater honour, He bade me, from him, call thee Thane of Cawdor: In which addition, hail, most ",He,ROSS,male,7
1,3,ROSS,"And, for an earnest of a greater honour, He bade me, from him, call thee Thane of Cawdor: In which addition, hail, most ",him,ROSS,male,7
1,3,ROSS,"And, for an earnest of a greater honour, He bade me, from him, call thee Thane of Cawdor: In which addition, hail, most ",it,ROSS,neutral,7
1,3,ANGUS,"Who was the Thane lives yet, But under heavy judgement bears that life Which he deserves to lose.",he,ANGUS,male,7
1,3,ANGUS,"Whether he was combin'd With those of Norway, or did line the rebel With hidden help and vantage, or that with both He l",he,ANGUS,male,7
1,3,ANGUS,"Whether he was combin'd With those of Norway, or did line the rebel With hidden help and vantage, or that with both He l",He,ANGUS,male,7
1,3,ANGUS,"Whether he was combin'd With those of Norway, or did line the rebel With hidden help and vantage, or that with both He l",his,ANGUS,male,7
1,3,ANGUS,"But treasons capital, confess'd and prov'd, Have overthrown him.",him,ANGUS,male,7
1,3,MACBETH,no less to them?,them,MACBETH,neutral,7
1,3,MACBETH,"If ill, Why hath it given me earnest of success, Commencing in a truth?",it,MACBETH,neutral,7
1,3,BANQUO,"New honours come upon him, Like our strange garments, cleave not to their mould",him,BANQUO,male,7
1,3,BANQUO,"New honours come upon him, Like our strange garments, cleave not to their mould",their,BANQUO,neutral,7
1,3,MACBETH,"Think upon what hath chanc'd; and at more time, The interim having weigh'd it, let us speak Our free hearts each to othe",it,MACBETH,neutral,7
1,4,MALCOLM,"My liege, They are not yet come back.",They,MALCOLM,neutral,3
1,4,MALCOLM,"But I have spoke With one that saw him die, who did report, That very frankly he confess'd his treasons, Implor'd your H",him,MALCOLM,male,4
1,4,MALCOLM,"But I have spoke With one that saw him die, who did report, That very frankly he confess'd his treasons, Implor'd your H",he,MALCOLM,male,4
1,4,MALCOLM,"But I have spoke With one that saw him die, who did report, That very frankly he confess'd his treasons, Implor'd your H",his,MALCOLM,male,4
1,4,MALCOLM,"Nothing in his life Became him like the leaving it; he died As one that had been studied in his death, To throw away the",his,MALCOLM,male,5
1,4,MALCOLM,"Nothing in his life Became him like the leaving it; he died As one that had been studied in his death, To throw away the",him,MALCOLM,male,5
1,4,MALCOLM,"Nothing in his life Became him like the leaving it; he died As one that had been studied in his death, To throw away the",it,MALCOLM,neutral,5
1,4,MALCOLM,"Nothing in his life Became him like the leaving it; he died As one that had been studied in his death, To throw away the",he,MALCOLM,male,5
1,4,MALCOLM,"Nothing in his life Became him like the leaving it; he died As one that had been studied in his death, To throw away the",his,MALCOLM,male,5
1,4,MALCOLM,"Nothing in his life Became him like the leaving it; he died As one that had been studied in his death, To throw away the",he,MALCOLM,male,5
1,4,DUNCAN,There's no art To find the mind's construction in the face: He was a gentleman on whom I built An absolute trust.,He,DUNCAN,male,6
1,4,MACBETH,"The service and the loyalty I owe, In doing it, pays itself.",it,MACBETH,neutral,7
1,4,MACBETH,"Your Highness' part Is to receive our duties: and our duties Are to your throne and state, children and servants; Which ",they,MACBETH,neutral,7
1,4,DUNCAN,"My plenteous joys, Wanton in fulness, seek to hide themselves In drops of sorrow.—Sons, kinsmen, thanes, And you whose p",themselves,Malcolm,neutral,7
1,4,DUNCAN,"My plenteous joys, Wanton in fulness, seek to hide themselves In drops of sorrow.—Sons, kinsmen, thanes, And you whose p",him,Malcolm,male,7
1,4,MACBETH,"The Prince of Cumberland!—That is a step On which I must fall down, or else o'erleap, For in my way it lies.",it,MACBETH,neutral,7
1,4,MACBETH,"The eye wink at the hand, yet let that be, Which the eye fears, when it is done, to see.",it,MACBETH,neutral,7
1,4,DUNCAN,He is full so valiant; And in his commendations I am fed.,He,DUNCAN,male,7
1,4,DUNCAN,He is full so valiant; And in his commendations I am fed.,his,DUNCAN,male,7
1,4,DUNCAN,It is a banquet to me.,It,DUNCAN,neutral,7
1,4,DUNCAN,"Let's after him, Whose care is gone before to bid us welcome: It is a peerless kinsman.",him,DUNCAN,male,7
1,4,DUNCAN,"Let's after him, Whose care is gone before to bid us welcome: It is a peerless kinsman.",It,DUNCAN,neutral,7
1,5,LADY MACBETH,"""They met me in the day of success; and I have learned by the perfect'st report they have more in them than mortal knowl",They,LADY MACBETH,neutral,1
1,5,LADY MACBETH,"""They met me in the day of success; and I have learned by the perfect'st report they have more in them than mortal knowl",they,LADY MACBETH,neutral,1
1,5,LADY MACBETH,"""They met me in the day of success; and I have learned by the perfect'st report they have more in them than mortal knowl",them,LADY MACBETH,neutral,1
1,5,LADY MACBETH,"When I burned in desire to question them further, they made themselves air, into which they vanished.",them,LADY MACBETH,neutral,2
1,5,LADY MACBETH,"When I burned in desire to question them further, they made themselves air, into which they vanished.",they,LADY MACBETH,neutral,2
1,5,LADY MACBETH,"When I burned in desire to question them further, they made themselves air, into which they vanished.",themselves,LADY MACBETH,neutral,2
1,5,LADY MACBETH,"When I burned in desire to question them further, they made themselves air, into which they vanished.",they,LADY MACBETH,neutral,2
1,5,LADY MACBETH,"Whiles I stood rapt in the wonder of it, came missives from the King, who all-hailed me, 'Thane of Cawdor'; by which tit",it,LADY MACBETH,neutral,3
1,5,LADY MACBETH,"Lay it to thy heart, and farewell.""",it,LADY MACBETH,neutral,5
1,5,LADY MACBETH,Yet do I fear thy nature; It is too full o' th' milk of human kindness To catch the nearest way.,It,LADY MACBETH,neutral,7
1,5,LADY MACBETH,"Thou wouldst be great; Art not without ambition, but without The illness should attend it.",it,LADY MACBETH,neutral,7
1,5,LADY MACBETH,"Thou'dst have, great Glamis, That which cries, ""Thus thou must do,"" if thou have it; And that which rather thou dost fea",it,LADY MACBETH,neutral,7
1,5,LADY MACBETH,Thou'rt mad to say it.,it,LADY MACBETH,neutral,7
1,5,LADY MACBETH,Is not thy master with him?,him,LADY MACBETH,male,7
1,5,MESSENGER,"So please you, it is true.",it,MESSENGER,neutral,7
1,5,MESSENGER,"One of my fellows had the speed of him, Who, almost dead for breath, had scarcely more Than would make up his message.",him,LADY MACBETH,male,7
1,5,MESSENGER,"One of my fellows had the speed of him, Who, almost dead for breath, had scarcely more Than would make up his message.",his,LADY MACBETH,male,7
1,5,LADY MACBETH,Give him tending.,him,LADY MACBETH,male,7
1,5,LADY MACBETH,He brings great news.,He,LADY MACBETH,male,7
1,5,LADY MACBETH,The raven himself is hoarse That croaks the fatal entrance of Duncan Under my battlements.,himself,Duncan,male,7
1,5,LADY MACBETH,"make thick my blood, Stop up th' access and passage to remorse, That no compunctious visitings of nature Shake my fell p",it,LADY MACBETH,neutral,7
1,5,LADY MACBETH,"That my keen knife see not the wound it makes, Nor heaven peep through the blanket of the dark To cry, ""Hold, hold!""",it,LADY MACBETH,neutral,7
1,5,MACBETH,"Tomorrow, as he purposes.",he,MACBETH,male,7
1,5,LADY MACBETH,He that's coming Must be provided for; and you shall put This night's great business into my dispatch; Which shall to al,He,LADY MACBETH,male,7
1,6,BANQUO,"This guest of summer, The temple-haunting martlet, does approve, By his loved mansionry, that the heaven's breath Smells",his,BANQUO,male,4
1,6,BANQUO,"This guest of summer, The temple-haunting martlet, does approve, By his loved mansionry, that the heaven's breath Smells",his,BANQUO,male,4
1,6,BANQUO,"Where they most breed and haunt, I have observ'd",they,BANQUO,neutral,5
1,6,LADY MACBETH,"Your Majesty loads our house: for those of old, And the late dignities heap'd up to them, We rest your hermits.",them,LADY MACBETH,neutral,7
1,6,DUNCAN,"We cours'd him at the heels, and had a purpose To be his purveyor: but he rides well; And his great love, sharp as his s",him,DUNCAN,male,7
1,6,DUNCAN,"We cours'd him at the heels, and had a purpose To be his purveyor: but he rides well; And his great love, sharp as his s",his,DUNCAN,male,7
1,6,DUNCAN,"We cours'd him at the heels, and had a purpose To be his purveyor: but he rides well; And his great love, sharp as his s",he,DUNCAN,male,7
1,6,DUNCAN,"We cours'd him at the heels, and had a purpose To be his purveyor: but he rides well; And his great love, sharp as his s",his,DUNCAN,male,7
1,6,DUNCAN,"We cours'd him at the heels, and had a purpose To be his purveyor: but he rides well; And his great love, sharp as his s",his,DUNCAN,male,7
1,6,DUNCAN,"We cours'd him at the heels, and had a purpose To be his purveyor: but he rides well; And his great love, sharp as his s",him,DUNCAN,male,7
1,6,DUNCAN,"We cours'd him at the heels, and had a purpose To be his purveyor: but he rides well; And his great love, sharp as his s",his,DUNCAN,male,7
1,6,LADY MACBETH,"Your servants ever Have theirs, themselves, and what is theirs, in compt, To make their audit at your Highness' pleasure",themselves,LADY MACBETH,neutral,7
1,6,LADY MACBETH,"Your servants ever Have theirs, themselves, and what is theirs, in compt, To make their audit at your Highness' pleasure",their,LADY MACBETH,neutral,7
1,6,DUNCAN,"Give me your hand; Conduct me to mine host: we love him highly, And shall continue our graces towards him.",him,DUNCAN,male,7
1,6,DUNCAN,"Give me your hand; Conduct me to mine host: we love him highly, And shall continue our graces towards him.",him,DUNCAN,male,7
1,7,MACBETH,"If it were done when 'tis done, then 'twere well",it,MACBETH,neutral,1
1,7,MACBETH,It were done quickly.,It,MACBETH,neutral,2
1,7,MACBETH,"If th' assassination Could trammel up the consequence, and catch With his surcease success; that but this blow Might be ",his,MACBETH,male,3
1,7,MACBETH,He's here in double trust:,He,MACBETH,male,6
1,7,MACBETH,"First, as I am his kinsman and his subject, Strong both against the deed; then, as his host, Who should against his murd",his,MACBETH,male,7
1,7,MACBETH,"First, as I am his kinsman and his subject, Strong both against the deed; then, as his host, Who should against his murd",his,MACBETH,male,7
1,7,MACBETH,"First, as I am his kinsman and his subject, Strong both against the deed; then, as his host, Who should against his murd",his,MACBETH,male,7
1,7,MACBETH,"First, as I am his kinsman and his subject, Strong both against the deed; then, as his host, Who should against his murd",his,MACBETH,male,7
1,7,MACBETH,"Besides, this Duncan Hath borne his faculties so meek, hath been So clear in his great office, that his virtues Will ple",his,Lady Macbeth.,male,7
1,7,MACBETH,"Besides, this Duncan Hath borne his faculties so meek, hath been So clear in his great office, that his virtues Will ple",his,Lady Macbeth.,male,7
1,7,MACBETH,"Besides, this Duncan Hath borne his faculties so meek, hath been So clear in his great office, that his virtues Will ple",his,Lady Macbeth.,male,7
1,7,MACBETH,"Besides, this Duncan Hath borne his faculties so meek, hath been So clear in his great office, that his virtues Will ple",his,Lady Macbeth.,male,7
1,7,LADY MACBETH,He has almost supp'd.,He,LADY MACBETH,male,7
1,7,MACBETH,Hath he ask'd for me?,he,MACBETH,male,7
1,7,LADY MACBETH,Know you not he has?,he,LADY MACBETH,male,7
1,7,MACBETH,We will proceed no further in this business: He hath honour'd me of late; and I have bought Golden opinions from all sor,He,MACBETH,male,7
1,7,MACBETH,We will proceed no further in this business: He hath honour'd me of late; and I have bought Golden opinions from all sor,their,MACBETH,neutral,7
1,7,LADY MACBETH,Hath it slept since?,it,LADY MACBETH,neutral,7
1,7,LADY MACBETH,"And wakes it now, to look so green and pale At what it did so freely?",it,LADY MACBETH,neutral,7
1,7,LADY MACBETH,"And wakes it now, to look so green and pale At what it did so freely?",it,LADY MACBETH,neutral,7
1,7,LADY MACBETH,"When you durst do it, then you were a man; And, to be more than what you were, you would Be so much more the man.",it,LADY MACBETH,neutral,7
1,7,LADY MACBETH,"Nor time nor place Did then adhere, and yet you would make both: They have made themselves, and that their fitness now D",They,LADY MACBETH,neutral,7
1,7,LADY MACBETH,"Nor time nor place Did then adhere, and yet you would make both: They have made themselves, and that their fitness now D",themselves,LADY MACBETH,neutral,7
1,7,LADY MACBETH,"Nor time nor place Did then adhere, and yet you would make both: They have made themselves, and that their fitness now D",their,LADY MACBETH,neutral,7
1,7,LADY MACBETH,"I have given suck, and know How tender 'tis to love the babe that milks me: I would, while it was smiling in my face, Ha",it,LADY MACBETH,neutral,7
1,7,LADY MACBETH,"I have given suck, and know How tender 'tis to love the babe that milks me: I would, while it was smiling in my face, Ha",his,LADY MACBETH,male,7
1,7,LADY MACBETH,"When Duncan is asleep (Whereto the rather shall his day's hard journey Soundly invite him), his two chamberlains Will I ",his,Duncan,male,7
1,7,LADY MACBETH,"When Duncan is asleep (Whereto the rather shall his day's hard journey Soundly invite him), his two chamberlains Will I ",him,Duncan,male,7
1,7,LADY MACBETH,"When Duncan is asleep (Whereto the rather shall his day's hard journey Soundly invite him), his two chamberlains Will I ",his,Duncan,male,7
1,7,LADY MACBETH,"When Duncan is asleep (Whereto the rather shall his day's hard journey Soundly invite him), his two chamberlains Will I ",Their,Duncan,neutral,7
1,7,LADY MACBETH,what not put upon His spongy officers; who shall bear the guilt Of our great quell?,His,LADY MACBETH,male,7
1,7,MACBETH,"Will it not be receiv'd, When we have mark'd with blood those sleepy two Of his own chamber, and us'd their very daggers",it,MACBETH,neutral,7
1,7,MACBETH,"Will it not be receiv'd, When we have mark'd with blood those sleepy two Of his own chamber, and us'd their very daggers",his,MACBETH,male,7
1,7,MACBETH,"Will it not be receiv'd, When we have mark'd with blood those sleepy two Of his own chamber, and us'd their very daggers",their,MACBETH,neutral,7
1,7,MACBETH,"Will it not be receiv'd, When we have mark'd with blood those sleepy two Of his own chamber, and us'd their very daggers",they,MACBETH,neutral,7
1,7,LADY MACBETH,"Who dares receive it other, As we shall make our griefs and clamour roar Upon his death?",it,LADY MACBETH,neutral,7
1,7,LADY MACBETH,"Who dares receive it other, As we shall make our griefs and clamour roar Upon his death?",his,LADY MACBETH,male,7
2,1,BANQUO,And she goes down at twelve.,she,BANQUO,unknown,4
2,1,BANQUO,"Hold, take my sword.—There's husbandry in heaven; Their candles are all out.",Their,BANQUO,neutral,6
2,1,BANQUO,The King's abed: He hath been in unusual pleasure and Sent forth great largess to your offices.,He,BANQUO,male,7
2,1,BANQUO,"This diamond he greets your wife withal, By the name of most kind hostess, and shut up In measureless content.",he,BANQUO,male,7
2,1,BANQUO,To you they have show'd some truth.,they,BANQUO,neutral,7
2,1,MACBETH,"I think not of them: Yet, when we can entreat an hour to serve, We would spend it in some words upon that business, If y",them,MACBETH,neutral,7
2,1,MACBETH,"I think not of them: Yet, when we can entreat an hour to serve, We would spend it in some words upon that business, If y",it,MACBETH,neutral,7
2,1,MACBETH,"If you shall cleave to my consent, when 'tis, It shall make honour for you.",It,MACBETH,neutral,7
2,1,BANQUO,"So I lose none In seeking to augment it, but still keep My bosom franchis'd, and allegiance clear, I shall be counsell'd",it,BANQUO,neutral,7
2,1,MACBETH,"Go bid thy mistress, when my drink is ready, She strike upon the bell.",She,MACBETH,unknown,7
2,1,MACBETH,"It is the bloody business which informs Thus to mine eyes.—Now o'er the one half-world Nature seems dead, and wicked dre",It,MACBETH,neutral,7
2,1,MACBETH,"Witchcraft celebrates Pale Hecate's off'rings; and wither'd murder, Alarum'd by his sentinel, the wolf, Whose howl's his",his,MACBETH,male,7
2,1,MACBETH,"Witchcraft celebrates Pale Hecate's off'rings; and wither'd murder, Alarum'd by his sentinel, the wolf, Whose howl's his",his,MACBETH,male,7
2,1,MACBETH,"Witchcraft celebrates Pale Hecate's off'rings; and wither'd murder, Alarum'd by his sentinel, the wolf, Whose howl's his",his,MACBETH,male,7
2,1,MACBETH,"Witchcraft celebrates Pale Hecate's off'rings; and wither'd murder, Alarum'd by his sentinel, the wolf, Whose howl's his",his,MACBETH,male,7
2,1,MACBETH,"Witchcraft celebrates Pale Hecate's off'rings; and wither'd murder, Alarum'd by his sentinel, the wolf, Whose howl's his",they,Hecate,neutral,7
2,1,MACBETH,"Witchcraft celebrates Pale Hecate's off'rings; and wither'd murder, Alarum'd by his sentinel, the wolf, Whose howl's his",he,MACBETH,male,7
2,1,MACBETH,"I go, and it is done.",it,MACBETH,neutral,7
2,1,MACBETH,"Hear it not, Duncan, for it is a knell That summons thee to heaven or to hell.",it,Duncan,neutral,7
2,1,MACBETH,"Hear it not, Duncan, for it is a knell That summons thee to heaven or to hell.",it,Duncan,neutral,7
2,2,LADY MACBETH,That which hath made them drunk hath made me bold: What hath quench'd them hath given me fire.—Hark!—Peace!,them,LADY MACBETH,neutral,1
2,2,LADY MACBETH,That which hath made them drunk hath made me bold: What hath quench'd them hath given me fire.—Hark!—Peace!,them,LADY MACBETH,neutral,1
2,2,LADY MACBETH,"It was the owl that shriek'd, the fatal bellman, Which gives the stern'st good night.",It,LADY MACBETH,neutral,2
2,2,LADY MACBETH,He is about it.,He,LADY MACBETH,male,3
2,2,LADY MACBETH,He is about it.,it,LADY MACBETH,neutral,3
2,2,LADY MACBETH,"The doors are open; and the surfeited grooms Do mock their charge with snores: I have drugg'd their possets, That death ",their,LADY MACBETH,neutral,4
2,2,LADY MACBETH,"The doors are open; and the surfeited grooms Do mock their charge with snores: I have drugg'd their possets, That death ",their,LADY MACBETH,neutral,4
2,2,LADY MACBETH,"The doors are open; and the surfeited grooms Do mock their charge with snores: I have drugg'd their possets, That death ",them,LADY MACBETH,neutral,4
2,2,LADY MACBETH,"The doors are open; and the surfeited grooms Do mock their charge with snores: I have drugg'd their possets, That death ",they,LADY MACBETH,neutral,4
2,2,LADY MACBETH,"I am afraid they have awak'd, And 'tis not done.",they,LADY MACBETH,neutral,7
2,2,LADY MACBETH,Th' attempt and not the deed Confounds us.—Hark!—I laid their daggers ready; He could not miss 'em.—Had he not resembled,their,LADY MACBETH,neutral,7
2,2,LADY MACBETH,Th' attempt and not the deed Confounds us.—Hark!—I laid their daggers ready; He could not miss 'em.—Had he not resembled,He,LADY MACBETH,male,7
2,2,LADY MACBETH,Th' attempt and not the deed Confounds us.—Hark!—I laid their daggers ready; He could not miss 'em.—Had he not resembled,he,LADY MACBETH,male,7
2,2,LADY MACBETH,Th' attempt and not the deed Confounds us.—Hark!—I laid their daggers ready; He could not miss 'em.—Had he not resembled,he,LADY MACBETH,male,7
2,2,MACBETH,Looking on his hands.,his,MACBETH,male,7
2,2,MACBETH,That they did wake each other: I stood and heard them.,they,MACBETH,neutral,7
2,2,MACBETH,That they did wake each other: I stood and heard them.,them,MACBETH,neutral,7
2,2,MACBETH,"But they did say their prayers, and address'd them Again to sleep.",they,MACBETH,neutral,7
2,2,MACBETH,"But they did say their prayers, and address'd them Again to sleep.",their,MACBETH,neutral,7
2,2,MACBETH,"But they did say their prayers, and address'd them Again to sleep.",them,MACBETH,neutral,7
2,2,MACBETH,"and, ""Amen,"" the other, As they had seen me with these hangman's hands.",they,MACBETH,neutral,7
2,2,MACBETH,"List'ning their fear, I could not say ""Amen,"" When they did say, ""God bless us.""",their,MACBETH,neutral,7
2,2,MACBETH,"List'ning their fear, I could not say ""Amen,"" When they did say, ""God bless us.""",they,MACBETH,neutral,7
2,2,LADY MACBETH,Consider it not so deeply.,it,LADY MACBETH,neutral,7
2,2,LADY MACBETH,"These deeds must not be thought After these ways; so, it will make us mad.",it,LADY MACBETH,neutral,7
2,2,MACBETH,"Still it cried, ""Sleep no more!"" to all the house: ""Glamis hath murder'd sleep, and therefore Cawdor Shall sleep no more",it,MACBETH,neutral,7
2,2,LADY MACBETH,Who was it that thus cried?,it,LADY MACBETH,neutral,7
2,2,LADY MACBETH,"They must lie there: go carry them, and smear The sleepy grooms with blood.",They,LADY MACBETH,neutral,7
2,2,LADY MACBETH,"They must lie there: go carry them, and smear The sleepy grooms with blood.",them,LADY MACBETH,neutral,7
2,2,LADY MACBETH,"If he do bleed, I'll gild the faces of the grooms withal, For it must seem their guilt.",he,LADY MACBETH,male,7
2,2,LADY MACBETH,"If he do bleed, I'll gild the faces of the grooms withal, For it must seem their guilt.",it,LADY MACBETH,neutral,7
2,2,LADY MACBETH,"If he do bleed, I'll gild the faces of the grooms withal, For it must seem their guilt.",their,LADY MACBETH,neutral,7
2,2,MACBETH,"Ha, they pluck out mine eyes!",they,MACBETH,neutral,7
2,2,LADY MACBETH,A little water clears us of this deed: How easy is it then!,it,LADY MACBETH,neutral,7
2,3,PORTER,"If a man were porter of hell gate, he should have old turning the key.",he,PORTER,unknown,2
2,3,PORTER,Here's a farmer that hanged himself on the expectation of plenty: come in time; have napkins enow about you; here you'll,himself,PORTER,unknown,6
2,3,PORTER,"I'll devil-porter it no further: I had thought to have let in some of all professions, that go the primrose way to th' e",it,PORTER,neutral,7
2,3,MACDUFF,"Was it so late, friend, ere you went to bed, That you do lie so late?",it,MACDUFF,neutral,7
2,3,PORTER,"Lechery, sir, it provokes and unprovokes; it provokes the desire, but it takes away the performance.",it,PORTER,neutral,7
2,3,PORTER,"Lechery, sir, it provokes and unprovokes; it provokes the desire, but it takes away the performance.",it,PORTER,neutral,7
2,3,PORTER,"Lechery, sir, it provokes and unprovokes; it provokes the desire, but it takes away the performance.",it,PORTER,neutral,7
2,3,PORTER,"Therefore much drink may be said to be an equivocator with lechery: it makes him, and it mars him; it sets him on, and i",it,PORTER,neutral,7
2,3,PORTER,"Therefore much drink may be said to be an equivocator with lechery: it makes him, and it mars him; it sets him on, and i",him,MACDUFF,male,7
2,3,PORTER,"Therefore much drink may be said to be an equivocator with lechery: it makes him, and it mars him; it sets him on, and i",it,PORTER,neutral,7
2,3,PORTER,"Therefore much drink may be said to be an equivocator with lechery: it makes him, and it mars him; it sets him on, and i",him,MACDUFF,male,7
2,3,PORTER,"Therefore much drink may be said to be an equivocator with lechery: it makes him, and it mars him; it sets him on, and i",it,PORTER,neutral,7
2,3,PORTER,"Therefore much drink may be said to be an equivocator with lechery: it makes him, and it mars him; it sets him on, and i",him,MACDUFF,male,7
2,3,PORTER,"Therefore much drink may be said to be an equivocator with lechery: it makes him, and it mars him; it sets him on, and i",it,PORTER,neutral,7
2,3,PORTER,"Therefore much drink may be said to be an equivocator with lechery: it makes him, and it mars him; it sets him on, and i",him,MACDUFF,male,7
2,3,PORTER,"Therefore much drink may be said to be an equivocator with lechery: it makes him, and it mars him; it sets him on, and i",it,PORTER,neutral,7
2,3,PORTER,"Therefore much drink may be said to be an equivocator with lechery: it makes him, and it mars him; it sets him on, and i",him,MACDUFF,male,7
2,3,PORTER,"Therefore much drink may be said to be an equivocator with lechery: it makes him, and it mars him; it sets him on, and i",him,MACDUFF,male,7
2,3,PORTER,"Therefore much drink may be said to be an equivocator with lechery: it makes him, and it mars him; it sets him on, and i",him,MACDUFF,male,7
2,3,PORTER,"Therefore much drink may be said to be an equivocator with lechery: it makes him, and it mars him; it sets him on, and i",him,MACDUFF,male,7
2,3,PORTER,"Therefore much drink may be said to be an equivocator with lechery: it makes him, and it mars him; it sets him on, and i",him,MACDUFF,male,7
2,3,PORTER,"Therefore much drink may be said to be an equivocator with lechery: it makes him, and it mars him; it sets him on, and i",him,MACDUFF,male,7
2,3,PORTER,"That it did, sir, i' the very throat on me; but I requited him for his lie; and (I think) being too strong for him, thou",it,PORTER,neutral,7
2,3,PORTER,"That it did, sir, i' the very throat on me; but I requited him for his lie; and (I think) being too strong for him, thou",him,MACDUFF,male,7
2,3,PORTER,"That it did, sir, i' the very throat on me; but I requited him for his lie; and (I think) being too strong for him, thou",his,MACDUFF,male,7
2,3,PORTER,"That it did, sir, i' the very throat on me; but I requited him for his lie; and (I think) being too strong for him, thou",him,MACDUFF,male,7
2,3,PORTER,"That it did, sir, i' the very throat on me; but I requited him for his lie; and (I think) being too strong for him, thou",he,MACDUFF,male,7
2,3,PORTER,"That it did, sir, i' the very throat on me; but I requited him for his lie; and (I think) being too strong for him, thou",him,MACDUFF,male,7
2,3,MACDUFF,Our knocking has awak'd him; here he comes.,him,MACDUFF,male,7
2,3,MACDUFF,Our knocking has awak'd him; here he comes.,he,MACDUFF,male,7
2,3,MACDUFF,He did command me to call timely on him.,He,MACDUFF,male,7
2,3,MACDUFF,He did command me to call timely on him.,him,MACDUFF,male,7
2,3,MACBETH,I'll bring you to him.,him,MACBETH,male,7
2,3,MACBETH,He does.,He,MACBETH,male,7
2,3,MACBETH,He did appoint so.,He,MACBETH,male,7
2,3,LENNOX,"The night has been unruly: where we lay, Our chimneys were blown down and, as they say, Lamentings heard i' th' air, str",they,Lamentings,neutral,7
2,3,LENNOX,My young remembrance cannot parallel A fellow to it.,it,LENNOX,neutral,7
2,3,MACDUFF,Confusion now hath made his masterpiece!,his,MACDUFF,male,7
2,3,LENNOX,Mean you his majesty?,his,LENNOX,male,7
2,3,MACDUFF,"O gentle lady, 'Tis not for you to hear what I can speak: The repetition, in a woman's ear, Would murder as it fell.",it,MACDUFF,neutral,7
2,3,BANQUO,"Dear Duff, I pr'ythee, contradict thyself, And say it is not so.",it,Duff,neutral,7
2,3,MACBETH,"The spring, the head, the fountain of your blood Is stopp'd; the very source of it is stopp'd.",it,MACBETH,neutral,7
2,3,LENNOX,"Those of his chamber, as it seem'd, had done't: Their hands and faces were all badg'd with blood; So were their daggers,",his,LENNOX,male,7
2,3,LENNOX,"Those of his chamber, as it seem'd, had done't: Their hands and faces were all badg'd with blood; So were their daggers,",it,LENNOX,neutral,7
2,3,LENNOX,"Those of his chamber, as it seem'd, had done't: Their hands and faces were all badg'd with blood; So were their daggers,",Their,LENNOX,neutral,7
2,3,LENNOX,"Those of his chamber, as it seem'd, had done't: Their hands and faces were all badg'd with blood; So were their daggers,",their,LENNOX,neutral,7
2,3,LENNOX,"Those of his chamber, as it seem'd, had done't: Their hands and faces were all badg'd with blood; So were their daggers,",their,LENNOX,neutral,7
2,3,LENNOX,"They star'd, and were distracted; No man's life was to be trusted with them.",They,LENNOX,neutral,7
2,3,LENNOX,"They star'd, and were distracted; No man's life was to be trusted with them.",them,LENNOX,neutral,7
2,3,MACBETH,"O, yet I do repent me of my fury, That I did kill them.",them,MACBETH,neutral,7
2,3,MACBETH,"Here lay Duncan, His silver skin lac'd with his golden blood; And his gash'd stabs look'd like a breach in nature For ru",His,Duncan,male,7
2,3,MACBETH,"Here lay Duncan, His silver skin lac'd with his golden blood; And his gash'd stabs look'd like a breach in nature For ru",his,Duncan,male,7
2,3,MACBETH,"Here lay Duncan, His silver skin lac'd with his golden blood; And his gash'd stabs look'd like a breach in nature For ru",his,Duncan,male,7
2,3,MACBETH,"Here lay Duncan, His silver skin lac'd with his golden blood; And his gash'd stabs look'd like a breach in nature For ru",their,Duncan,neutral,7
2,3,MACBETH,"Here lay Duncan, His silver skin lac'd with his golden blood; And his gash'd stabs look'd like a breach in nature For ru",their,Duncan,neutral,7
2,3,BANQUO,"And when we have our naked frailties hid, That suffer in exposure, let us meet, And question this most bloody piece of w",it,BANQUO,neutral,7
2,3,MALCOLM,Let's not consort with them: To show an unfelt sorrow is an office Which the false man does easy.,them,MALCOLM,neutral,7
2,4,ROSS,"Ha, good father, Thou seest the heavens, as troubled with man's act, Threatens his bloody stage: by the clock 'tis day, ",his,ROSS,male,2
2,4,ROSS,"Is't night's predominance, or the day's shame, That darkness does the face of earth entomb, When living light should kis",it,ROSS,neutral,3
2,4,OLD MAN,"On Tuesday last, A falcon, towering in her pride of place, Was by a mousing owl hawk'd",her,OLD MAN,unknown,5
2,4,ROSS,"Beauteous and swift, the minions of their race, Turn'd wild in nature, broke their stalls, flung out, Contending 'gainst",their,ROSS,neutral,7
2,4,ROSS,"Beauteous and swift, the minions of their race, Turn'd wild in nature, broke their stalls, flung out, Contending 'gainst",their,ROSS,neutral,7
2,4,ROSS,"Beauteous and swift, the minions of their race, Turn'd wild in nature, broke their stalls, flung out, Contending 'gainst",they,ROSS,neutral,7
2,4,OLD MAN,'Tis said they eat each other.,they,OLD MAN,neutral,7
2,4,ROSS,"They did so; to the amazement of mine eyes, That look'd upon't.",They,ROSS,neutral,7
2,4,ROSS,What good could they pretend?,they,ROSS,neutral,7
2,4,MACDUFF,They were suborn'd.,They,MACDUFF,neutral,7
2,4,MACDUFF,"Malcolm and Donalbain, the King's two sons, Are stol'n away and fled; which puts upon them Suspicion of the deed.",them,Donalbain,neutral,7
2,4,MACDUFF,He is already nam'd; and gone to Scone To be invested.,He,MACDUFF,male,7
2,4,MACDUFF,"Carried to Colmekill, The sacred storehouse of his predecessors, And guardian of their bones.",his,MACDUFF,male,7
2,4,MACDUFF,"Carried to Colmekill, The sacred storehouse of his predecessors, And guardian of their bones.",their,MACDUFF,neutral,7
3,1,BANQUO,"Thou hast it now, King, Cawdor, Glamis, all, As the Weird Women promis'd; and, I fear, Thou play'dst most foully for't; ",it,BANQUO,neutral,1
3,1,BANQUO,"Thou hast it now, King, Cawdor, Glamis, all, As the Weird Women promis'd; and, I fear, Thou play'dst most foully for't; ",it,BANQUO,neutral,1
3,1,BANQUO,"Thou hast it now, King, Cawdor, Glamis, all, As the Weird Women promis'd; and, I fear, Thou play'dst most foully for't; ",It,BANQUO,neutral,1
3,1,BANQUO,"If there come truth from them (As upon thee, Macbeth, their speeches shine)",them,Macbeth,neutral,3
3,1,BANQUO,"If there come truth from them (As upon thee, Macbeth, their speeches shine)",their,Macbeth,neutral,3
3,1,BANQUO,"Why, by the verities on thee made good, May they not be my oracles as well, And set me up in hope?",they,BANQUO,neutral,4
3,1,LADY MACBETH,"If he had been forgotten, It had been as a gap in our great feast, And all-thing unbecoming.",he,LADY MACBETH,male,7
3,1,LADY MACBETH,"If he had been forgotten, It had been as a gap in our great feast, And all-thing unbecoming.",It,LADY MACBETH,neutral,7
3,1,MACBETH,"In England and in Ireland; not confessing Their cruel parricide, filling their hearers With strange invention.",Their,MACBETH,neutral,7
3,1,MACBETH,"In England and in Ireland; not confessing Their cruel parricide, filling their hearers With strange invention.",their,MACBETH,neutral,7
3,1,MACBETH,I wish your horses swift and sure of foot; And so I do commend you to their backs.,their,MACBETH,neutral,7
3,1,MACBETH,"Let every man be master of his time Till seven at night; to make society The sweeter welcome, we will keep ourself Till ",his,MACBETH,male,7
3,1,SERVANT,"They are, my lord, without the palace gate.",They,SERVANT,neutral,7
3,1,MACBETH,Bring them before us.,them,MACBETH,neutral,7
3,1,MACBETH,"Our fears in Banquo Stick deep, and in his royalty of nature Reigns that which would be fear'd: 'tis much he dares; And,",his,Banquo,male,7
3,1,MACBETH,"Our fears in Banquo Stick deep, and in his royalty of nature Reigns that which would be fear'd: 'tis much he dares; And,",he,Banquo,male,7
3,1,MACBETH,"Our fears in Banquo Stick deep, and in his royalty of nature Reigns that which would be fear'd: 'tis much he dares; And,",his,Banquo,male,7
3,1,MACBETH,"Our fears in Banquo Stick deep, and in his royalty of nature Reigns that which would be fear'd: 'tis much he dares; And,",He,Banquo,male,7
3,1,MACBETH,"Our fears in Banquo Stick deep, and in his royalty of nature Reigns that which would be fear'd: 'tis much he dares; And,",his,Banquo,male,7
3,1,MACBETH,"but he Whose being I do fear: and under him My genius is rebuk'd; as, it is said, Mark Antony's was by Caesar.",he,MACBETH,male,7
3,1,MACBETH,"but he Whose being I do fear: and under him My genius is rebuk'd; as, it is said, Mark Antony's was by Caesar.",him,MACBETH,male,7
3,1,MACBETH,"but he Whose being I do fear: and under him My genius is rebuk'd; as, it is said, Mark Antony's was by Caesar.",it,MACBETH,neutral,7
3,1,MACBETH,"He chid the sisters When first they put the name of king upon me, And bade them speak to him; then, prophet-like, They h",He,MACBETH,male,7
3,1,MACBETH,"He chid the sisters When first they put the name of king upon me, And bade them speak to him; then, prophet-like, They h",they,MACBETH,neutral,7
3,1,MACBETH,"He chid the sisters When first they put the name of king upon me, And bade them speak to him; then, prophet-like, They h",them,MACBETH,neutral,7
3,1,MACBETH,"He chid the sisters When first they put the name of king upon me, And bade them speak to him; then, prophet-like, They h",him,MACBETH,male,7
3,1,MACBETH,"He chid the sisters When first they put the name of king upon me, And bade them speak to him; then, prophet-like, They h",They,MACBETH,neutral,7
3,1,MACBETH,"He chid the sisters When first they put the name of king upon me, And bade them speak to him; then, prophet-like, They h",him,MACBETH,male,7
3,1,MACBETH,"He chid the sisters When first they put the name of king upon me, And bade them speak to him; then, prophet-like, They h",they,MACBETH,neutral,7
3,1,MACBETH,"If't be so, For Banquo's issue have I fil'd my mind; For them the gracious Duncan have I murder'd; Put rancours in the v",them,Duncan,neutral,7
3,1,MACBETH,"If't be so, For Banquo's issue have I fil'd my mind; For them the gracious Duncan have I murder'd; Put rancours in the v",them,Duncan,neutral,7
3,1,MACBETH,"Given to the common enemy of man, To make them kings, the seed of Banquo kings!",them,Banquo,neutral,7
3,1,MACBETH,Was it not yesterday we spoke together?,it,MACBETH,neutral,7
3,1,FIRST MURDERER,"It was, so please your Highness.",It,FIRST MURDERER,neutral,7
3,1,MACBETH,"Know That it was he, in the times past, which held you So under fortune, which you thought had been Our innocent self?",it,MACBETH,neutral,7
3,1,MACBETH,"Know That it was he, in the times past, which held you So under fortune, which you thought had been Our innocent self?",he,MACBETH,male,7
3,1,MACBETH,"This I made good to you In our last conference, pass'd in probation with you How you were borne in hand, how cross'd, th",them,Banquo,neutral,7
3,1,FIRST MURDERER,You made it known to us.,it,FIRST MURDERER,neutral,7
3,1,MACBETH,"Are you so gospell'd, To pray for this good man and for his issue, Whose heavy hand hath bow'd you to the grave, And beg",his,MACBETH,male,7
3,1,MACBETH,"Ay, in the catalogue ye go for men; As hounds, and greyhounds, mongrels, spaniels, curs, Shoughs, water-rugs, and demi-w",him,MACBETH,male,7
3,1,MACBETH,"Ay, in the catalogue ye go for men; As hounds, and greyhounds, mongrels, spaniels, curs, Shoughs, water-rugs, and demi-w",he,MACBETH,male,7
3,1,MACBETH,"Ay, in the catalogue ye go for men; As hounds, and greyhounds, mongrels, spaniels, curs, Shoughs, water-rugs, and demi-w",them,Shoughs,neutral,7
3,1,MACBETH,"Now, if you have a station in the file, Not i' th' worst rank of manhood, say't; And I will put that business in your bo",his,MACBETH,male,7
3,1,MACBETH,"Now, if you have a station in the file, Not i' th' worst rank of manhood, say't; And I will put that business in your bo",his,MACBETH,male,7
3,1,FIRST MURDERER,"And I another, So weary with disasters, tugg'd with fortune, That I would set my life on any chance, To mend it or be ri",it,FIRST MURDERER,neutral,7
3,1,MACBETH,"So is he mine; and in such bloody distance, That every minute of his being thrusts Against my near'st of life; and thoug",he,MACBETH,male,7
3,1,MACBETH,"So is he mine; and in such bloody distance, That every minute of his being thrusts Against my near'st of life; and thoug",his,MACBETH,male,7
3,1,MACBETH,"So is he mine; and in such bloody distance, That every minute of his being thrusts Against my near'st of life; and thoug",him,MACBETH,male,7
3,1,MACBETH,"So is he mine; and in such bloody distance, That every minute of his being thrusts Against my near'st of life; and thoug",it,MACBETH,neutral,7
3,1,MACBETH,"So is he mine; and in such bloody distance, That every minute of his being thrusts Against my near'st of life; and thoug",his,MACBETH,male,7
3,1,MACBETH,"So is he mine; and in such bloody distance, That every minute of his being thrusts Against my near'st of life; and thoug",his,MACBETH,male,7
3,1,MACBETH,"So is he mine; and in such bloody distance, That every minute of his being thrusts Against my near'st of life; and thoug",it,MACBETH,neutral,7
3,1,MACBETH,And with him (To leave no rubs nor botches in the work),him,MACBETH,male,7
3,1,MACBETH,"Fleance his son, that keeps him company, Whose absence is no less material to me Than is his father's, must embrace the ",his,Fleance,male,7
3,1,MACBETH,"Fleance his son, that keeps him company, Whose absence is no less material to me Than is his father's, must embrace the ",him,Fleance,male,7
3,1,MACBETH,"Fleance his son, that keeps him company, Whose absence is no less material to me Than is his father's, must embrace the ",his,Fleance,male,7
3,1,MACBETH,It is concluded.,It,MACBETH,neutral,7
3,1,MACBETH,"Banquo, thy soul's flight, If it find heaven, must find it out tonight.",it,Banquo,neutral,7
3,1,MACBETH,"Banquo, thy soul's flight, If it find heaven, must find it out tonight.",it,Banquo,neutral,7
3,2,LADY MACBETH,"Say to the King, I would attend his leisure For a few words.",his,LADY MACBETH,male,4
3,2,LADY MACBETH,"How now, my lord, why do you keep alone, Of sorriest fancies your companions making, Using those thoughts which should i",them,LADY MACBETH,neutral,7
3,2,LADY MACBETH,"How now, my lord, why do you keep alone, Of sorriest fancies your companions making, Using those thoughts which should i",they,LADY MACBETH,neutral,7
3,2,MACBETH,"We have scorch'd the snake, not kill'd it.",it,MACBETH,neutral,7
3,2,MACBETH,"She'll close, and be herself; whilst our poor malice Remains in danger of her former tooth.",She,Remains,unknown,7
3,2,MACBETH,"She'll close, and be herself; whilst our poor malice Remains in danger of her former tooth.",herself,Remains,unknown,7
3,2,MACBETH,"She'll close, and be herself; whilst our poor malice Remains in danger of her former tooth.",her,Remains,unknown,7
3,2,MACBETH,"Duncan is in his grave; After life's fitful fever he sleeps well; Treason has done his worst: nor steel, nor poison, Mal",his,Duncan,male,7
3,2,MACBETH,"Duncan is in his grave; After life's fitful fever he sleeps well; Treason has done his worst: nor steel, nor poison, Mal",he,Duncan,male,7
3,2,MACBETH,"Duncan is in his grave; After life's fitful fever he sleeps well; Treason has done his worst: nor steel, nor poison, Mal",his,Duncan,male,7
3,2,MACBETH,"Duncan is in his grave; After life's fitful fever he sleeps well; Treason has done his worst: nor steel, nor poison, Mal",him,Duncan,male,7
3,2,MACBETH,"Let your remembrance apply to Banquo; Present him eminence, both with eye and tongue: Unsafe the while, that we Must lav",him,Banquo,male,7
3,2,MACBETH,"Let your remembrance apply to Banquo; Present him eminence, both with eye and tongue: Unsafe the while, that we Must lav",they,Banquo,neutral,7
3,2,MACBETH,"Thou know'st that Banquo, and his Fleance, lives.",his,Fleance,male,7
3,2,LADY MACBETH,But in them nature's copy's not eterne.,them,LADY MACBETH,neutral,7
3,2,MACBETH,There's comfort yet; they are assailable.,they,MACBETH,neutral,7
3,2,MACBETH,"Ere the bat hath flown His cloister'd flight, ere to black Hecate's summons The shard-born beetle, with his drowsy hums,",His,MACBETH,male,7
3,2,MACBETH,"Ere the bat hath flown His cloister'd flight, ere to black Hecate's summons The shard-born beetle, with his drowsy hums,",his,MACBETH,male,7
3,2,MACBETH,Whiles night's black agents to their preys do rouse.,their,MACBETH,neutral,7
3,2,MACBETH,Thou marvell'st at my words: but hold thee still; Things bad begun make strong themselves by ill.,themselves,MACBETH,neutral,7
3,3,SECOND MURDERER,He needs not our mistrust; since he delivers Our offices and what we have to do To the direction just.,He,Macbeth,male,4
3,3,SECOND MURDERER,He needs not our mistrust; since he delivers Our offices and what we have to do To the direction just.,he,Macbeth,male,4
3,3,FIRST MURDERER,His horses go about.,His,BANQUO,male,7
3,3,THIRD MURDERER,"Almost a mile; but he does usually, So all men do, from hence to the palace gate Make it their walk.",he,BANQUO,male,7
3,3,THIRD MURDERER,"Almost a mile; but he does usually, So all men do, from hence to the palace gate Make it their walk.",it,THIRD MURDERER,neutral,7
3,3,THIRD MURDERER,"Almost a mile; but he does usually, So all men do, from hence to the palace gate Make it their walk.",their,THIRD MURDERER,neutral,7
3,3,THIRD MURDERER,'Tis he.,he,Fleance,male,7
3,3,BANQUO,It will be rain tonight.,It,BANQUO,neutral,7
3,3,FIRST MURDERER,Let it come down.,it,FIRST MURDERER,neutral,7
3,4,MACBETH,"Our hostess keeps her state; but, in best time, We will require her welcome.",her,MACBETH,unknown,5
3,4,MACBETH,"Our hostess keeps her state; but, in best time, We will require her welcome.",her,MACBETH,unknown,5
3,4,LADY MACBETH,"Pronounce it for me, sir, to all our friends; For my heart speaks they are welcome.",it,LADY MACBETH,neutral,6
3,4,LADY MACBETH,"Pronounce it for me, sir, to all our friends; For my heart speaks they are welcome.",they,LADY MACBETH,neutral,6
3,4,MACBETH,"See, they encounter thee with their hearts' thanks.",they,MACBETH,neutral,7
3,4,MACBETH,"See, they encounter thee with their hearts' thanks.",their,MACBETH,neutral,7
3,4,MACBETH,'Tis better thee without than he within.,he,MACBETH,male,7
3,4,MACBETH,Is he dispatch'd?,he,MACBETH,male,7
3,4,MURDERER,"My lord, his throat is cut.",his,MACBETH,male,7
3,4,MURDERER,That I did for him.,him,MACBETH,male,7
3,4,MACBETH,"Thou art the best o' th' cut-throats; Yet he's good that did the like for Fleance: If thou didst it, thou art the nonpar",he,Fleance,male,7
3,4,MACBETH,"Thou art the best o' th' cut-throats; Yet he's good that did the like for Fleance: If thou didst it, thou art the nonpar",it,Fleance,neutral,7
3,4,MURDERER,"Safe in a ditch he bides, With twenty trenched gashes on his head; The least a death to nature.",he,Banquo,male,7
3,4,MURDERER,"Safe in a ditch he bides, With twenty trenched gashes on his head; The least a death to nature.",his,Banquo,male,7
3,4,LADY MACBETH,To feed were best at home; From thence the sauce to meat is ceremony; Meeting were bare without it.,it,LADY MACBETH,neutral,7
3,4,ROSS,"His absence, sir, Lays blame upon his promise.",His,ROSS,male,7
3,4,ROSS,"His absence, sir, Lays blame upon his promise.",his,ROSS,male,7
3,4,MACBETH,Thou canst not say I did it.,it,MACBETH,neutral,7
3,4,ROSS,"Gentlemen, rise; his Highness is not well.",his,ROSS,male,7
3,4,LADY MACBETH,"My lord is often thus, And hath been from his youth: pray you, keep seat; The fit is momentary; upon a thought He will a",his,LADY MACBETH,male,7
3,4,LADY MACBETH,"My lord is often thus, And hath been from his youth: pray you, keep seat; The fit is momentary; upon a thought He will a",He,LADY MACBETH,male,7
3,4,LADY MACBETH,"If much you note him, You shall offend him, and extend his passion.",him,LADY MACBETH,male,7
3,4,LADY MACBETH,"If much you note him, You shall offend him, and extend his passion.",him,LADY MACBETH,male,7
3,4,LADY MACBETH,"If much you note him, You shall offend him, and extend his passion.",his,LADY MACBETH,male,7
3,4,LADY MACBETH,"Feed, and regard him not.—Are you a man?",him,LADY MACBETH,male,7
3,4,LADY MACBETH,"O, these flaws, and starts (Impostors to true fear), would well become A woman's story at a winter's fire, Authoris'd by",her,LADY MACBETH,unknown,7
3,4,MACBETH,"If I stand here, I saw him.",him,MACBETH,male,7
3,4,MACBETH,"Blood hath been shed ere now, i' th' olden time, Ere humane statute purg'd the gentle weal; Ay, and since too, murders h",they,MACBETH,neutral,7
3,4,MACBETH,"Blood hath been shed ere now, i' th' olden time, Ere humane statute purg'd the gentle weal; Ay, and since too, murders h",their,MACBETH,neutral,7
3,4,MACBETH,"I drink to the general joy o' th' whole table, And to our dear friend Banquo, whom we miss: Would he were here.",he,Banquo,male,7
3,4,MACBETH,"To all, and him, we thirst, And all to all.",him,MACBETH,male,7
3,4,LADY MACBETH,"Think of this, good peers, But as a thing of custom: 'tis no other, Only it spoils the pleasure of the time.",it,LADY MACBETH,neutral,7
3,4,LADY MACBETH,"I pray you, speak not; he grows worse and worse; Question enrages him.",he,LADY MACBETH,male,7
3,4,LADY MACBETH,"I pray you, speak not; he grows worse and worse; Question enrages him.",him,LADY MACBETH,male,7
3,4,LENNOX,Good night; and better health Attend his Majesty!,his,LENNOX,male,7
3,4,MACBETH,"It will have blood, they say, blood will have blood.",It,MACBETH,neutral,7
3,4,MACBETH,"It will have blood, they say, blood will have blood.",they,MACBETH,neutral,7
3,4,MACBETH,"How say'st thou, that Macduff denies his person At our great bidding?",his,Macduff,male,7
3,4,LADY MACBETH,"Did you send to him, sir?",him,LADY MACBETH,male,7
3,4,MACBETH,I hear it by the way; but I will send.,it,MACBETH,neutral,7
3,4,MACBETH,There's not a one of them but in his house I keep a servant fee'd.,them,MACBETH,neutral,7
3,4,MACBETH,There's not a one of them but in his house I keep a servant fee'd.,his,MACBETH,male,7
3,4,MACBETH,"More shall they speak; for now I am bent to know, By the worst means, the worst.",they,MACBETH,neutral,7
3,4,MACBETH,"Strange things I have in head, that will to hand, Which must be acted ere they may be scann'd.",they,MACBETH,neutral,7
3,5,HECATE,"And, which is worse, all you have done Hath been but for a wayward son, Spiteful and wrathful; who, as others do, Loves ",his,Macbeth,male,7
3,5,HECATE,"But make amends now: get you gone, And at the pit of Acheron Meet me i' th' morning: thither he Will come to know his de",he,Macbeth,male,7
3,5,HECATE,"But make amends now: get you gone, And at the pit of Acheron Meet me i' th' morning: thither he Will come to know his de",his,Macbeth,male,7
3,5,HECATE,"Upon the corner of the moon There hangs a vap'rous drop profound; I'll catch it ere it come to ground: And that, distill",it,HECATE,neutral,7
3,5,HECATE,"Upon the corner of the moon There hangs a vap'rous drop profound; I'll catch it ere it come to ground: And that, distill",it,HECATE,neutral,7
3,5,HECATE,"Upon the corner of the moon There hangs a vap'rous drop profound; I'll catch it ere it come to ground: And that, distill",their,HECATE,neutral,7
3,5,HECATE,"Upon the corner of the moon There hangs a vap'rous drop profound; I'll catch it ere it come to ground: And that, distill",him,Macbeth,male,7
3,5,HECATE,"Upon the corner of the moon There hangs a vap'rous drop profound; I'll catch it ere it come to ground: And that, distill",his,Macbeth,male,7
3,5,HECATE,"He shall spurn fate, scorn death, and bear His hopes 'bove wisdom, grace, and fear.",He,Macbeth,male,7
3,5,HECATE,"He shall spurn fate, scorn death, and bear His hopes 'bove wisdom, grace, and fear.",His,Macbeth,male,7
3,5,FIRST WITCH,"Come, let's make haste; she'll soon be back again.",she,HECATE,female,7
3,6,LENNOX,"The gracious Duncan Was pitied of Macbeth:—marry, he was dead:— And the right valiant Banquo walk'd too late; Whom, you ",he,Banquo,male,4
3,6,LENNOX,"Who cannot want the thought, how monstrous It was for Malcolm and for Donalbain To kill their gracious father?",It,Donalbain,neutral,7
3,6,LENNOX,"Who cannot want the thought, how monstrous It was for Malcolm and for Donalbain To kill their gracious father?",their,Donalbain,neutral,7
3,6,LENNOX,How it did grieve Macbeth!,it,Macbeth,neutral,7
3,6,LENNOX,"did he not straight, In pious rage, the two delinquents tear That were the slaves of drink and thralls of sleep?",he,LENNOX,male,7
3,6,LENNOX,"So that, I say, He has borne all things well: and I do think, That had he Duncan's sons under his key (As, and't please ",He,Fleance,male,7
3,6,LENNOX,"So that, I say, He has borne all things well: and I do think, That had he Duncan's sons under his key (As, and't please ",he,Fleance,male,7
3,6,LENNOX,"So that, I say, He has borne all things well: and I do think, That had he Duncan's sons under his key (As, and't please ",his,Fleance,male,7
3,6,LENNOX,"So that, I say, He has borne all things well: and I do think, That had he Duncan's sons under his key (As, and't please ",he,Fleance,male,7
3,6,LENNOX,"So that, I say, He has borne all things well: and I do think, That had he Duncan's sons under his key (As, and't please ",they,Fleance,neutral,7
3,6,LENNOX,"But, peace!—for from broad words, and 'cause he fail'd His presence at the tyrant's feast, I hear, Macduff lives in disg",he,Macduff,male,7
3,6,LENNOX,"But, peace!—for from broad words, and 'cause he fail'd His presence at the tyrant's feast, I hear, Macduff lives in disg",His,Macduff,male,7
3,6,LENNOX,"Sir, can you tell Where he bestows himself?",he,LENNOX,male,7
3,6,LENNOX,"Sir, can you tell Where he bestows himself?",himself,LENNOX,male,7
3,6,LORD,"The son of Duncan, From whom this tyrant holds the due of birth, Lives in the English court and is receiv'd Of the most ",his,Duncan,male,7
3,6,LORD,"Thither Macduff Is gone to pray the holy king, upon his aid To wake Northumberland, and warlike Siward That, by the help",his,Siward,male,7
3,6,LORD,"Thither Macduff Is gone to pray the holy king, upon his aid To wake Northumberland, and warlike Siward That, by the help",Him,Siward,male,7
3,6,LORD,And this report Hath so exasperate the King that he Prepares for some attempt of war.,he,Siward,male,7
3,6,LENNOX,Sent he to Macduff?,he,Macduff,male,7
3,6,LORD,"He did: and with an absolute ""Sir, not I,"" The cloudy messenger turns me his back, And hums, as who should say, ""You'll ",He,Macduff,male,7
3,6,LORD,"He did: and with an absolute ""Sir, not I,"" The cloudy messenger turns me his back, And hums, as who should say, ""You'll ",his,Macduff,male,7
3,6,LENNOX,"And that well might Advise him to a caution, t' hold what distance His wisdom can provide.",him,LENNOX,male,7
3,6,LENNOX,"And that well might Advise him to a caution, t' hold what distance His wisdom can provide.",His,LENNOX,male,7
3,6,LENNOX,"Some holy angel Fly to the court of England, and unfold His message ere he come, that a swift blessing May soon return t",His,LENNOX,male,7
3,6,LENNOX,"Some holy angel Fly to the court of England, and unfold His message ere he come, that a swift blessing May soon return t",he,LENNOX,male,7
3,6,LORD,I'll send my prayers with him.,him,LENNOX,male,7
4,1,SECOND WITCH,Cool it with a baboon's blood.,it,SECOND WITCH,neutral,7
4,1,MACBETH,"I conjure you, by that which you profess, (Howe'er you come to know it) answer me: Though you untie the winds, and let t",it,MACBETH,neutral,7
4,1,MACBETH,"I conjure you, by that which you profess, (Howe'er you come to know it) answer me: Though you untie the winds, and let t",them,MACBETH,neutral,7
4,1,MACBETH,"I conjure you, by that which you profess, (Howe'er you come to know it) answer me: Though you untie the winds, and let t",their,MACBETH,neutral,7
4,1,MACBETH,"I conjure you, by that which you profess, (Howe'er you come to know it) answer me: Though you untie the winds, and let t",Their,MACBETH,neutral,7
4,1,MACBETH,"I conjure you, by that which you profess, (Howe'er you come to know it) answer me: Though you untie the winds, and let t",their,MACBETH,neutral,7
4,1,FIRST WITCH,"Say, if thou'dst rather hear it from our mouths, Or from our masters?",it,FIRST WITCH,neutral,7
4,1,FIRST WITCH,"Pour in sow's blood, that hath eaten Her nine farrow; grease that's sweaten From the murderer's gibbet throw Into the fl",Her,Hecate,female,7
4,1,FIRST WITCH,"He knows thy thought: Hear his speech, but say thou naught.",He,MACBETH,male,7
4,1,FIRST WITCH,"He knows thy thought: Hear his speech, but say thou naught.",his,MACBETH,male,7
4,1,FIRST WITCH,He will not be commanded.,He,MACBETH,male,7
4,1,MACBETH,"Thou shalt not live; That I may tell pale-hearted fear it lies, And sleep in spite of thunder.",it,MACBETH,neutral,7
4,1,MACBETH,"An Apparition of a Child crowned, with a tree in his hand, rises.",his,MACBETH,male,7
4,1,MACBETH,"What is this, That rises like the issue of a king, And wears upon his baby brow the round And top of sovereignty?",his,MACBETH,male,7
4,1,APPARITION,"Be lion-mettled, proud, and take no care Who chafes, who frets, or where conspirers are: Macbeth shall never vanquish'd ",him,Macbeth,male,7
4,1,MACBETH,That will never be: Who can impress the forest; bid the tree Unfix his earth-bound root?,his,MACBETH,male,7
4,1,MACBETH,"Macbeth Shall live the lease of nature, pay his breath To time and mortal custom.—Yet my heart Throbs to know one thing:",his,Banquo,male,7
4,1,ALL,"Show his eyes, and grieve his heart; Come like shadows, so depart!",his,Hautboys,male,7
4,1,ALL,"Show his eyes, and grieve his heart; Come like shadows, so depart!",his,Hautboys,male,7
4,1,ALL,"A show of eight kings appear, and pass over in order, the last with a glass in his hand; Banquo following.",his,Banquo,male,7
4,1,MACBETH,"I see 'tis true; For the blood-bolter'd Banquo smiles upon me, And points at them for his.—What!",them,Banquo,neutral,7
4,1,FIRST WITCH,"Ay, sir, all this is so:—but why Stands Macbeth thus amazedly?— Come, sisters, cheer we up his sprites, And show the bes",his,Macbeth,male,7
4,1,FIRST WITCH,"I'll charm the air to give a sound, While you perform your antic round; That this great king may kindly say, Our duties ",his,Macbeth,male,7
4,1,MACBETH,Where are they?,they,MACBETH,neutral,7
4,1,MACBETH,Came they not by you?,they,MACBETH,neutral,7
4,1,MACBETH,Infected be the air whereon they ride; And damn'd all those that trust them!—I did hear The galloping of horse: who was',they,MACBETH,neutral,7
4,1,MACBETH,Unless the deed go with it.,it,MACBETH,neutral,7
4,1,MACBETH,"And even now, To crown my thoughts with acts, be it thought and done: The castle of Macduff I will surprise; Seize upon ",it,Macduff,neutral,7
4,1,MACBETH,"And even now, To crown my thoughts with acts, be it thought and done: The castle of Macduff I will surprise; Seize upon ",His,Macduff,male,7
4,1,MACBETH,"And even now, To crown my thoughts with acts, be it thought and done: The castle of Macduff I will surprise; Seize upon ",his,Macduff,male,7
4,1,MACBETH,"And even now, To crown my thoughts with acts, be it thought and done: The castle of Macduff I will surprise; Seize upon ",him,Macduff,male,7
4,1,MACBETH,"And even now, To crown my thoughts with acts, be it thought and done: The castle of Macduff I will surprise; Seize upon ",his,Macduff,male,7
4,1,MACBETH,"Come, bring me where they are.",they,MACBETH,neutral,7
4,2,LADY MACDUFF,"What had he done, to make him fly the land?",he,LADY MACDUFF,male,1
4,2,LADY MACDUFF,"What had he done, to make him fly the land?",him,LADY MACDUFF,male,1
4,2,LADY MACDUFF,"He had none: His flight was madness: when our actions do not, Our fears do make us traitors.",He,LADY MACDUFF,male,3
4,2,LADY MACDUFF,"He had none: His flight was madness: when our actions do not, Our fears do make us traitors.",His,LADY MACDUFF,male,3
4,2,ROSS,You know not Whether it was his wisdom or his fear.,it,ROSS,neutral,4
4,2,ROSS,You know not Whether it was his wisdom or his fear.,his,ROSS,male,4
4,2,ROSS,You know not Whether it was his wisdom or his fear.,his,ROSS,male,4
4,2,LADY MACDUFF,"to leave his wife, to leave his babes, His mansion, and his titles, in a place From whence himself does fly?",his,LADY MACDUFF,male,6
4,2,LADY MACDUFF,"to leave his wife, to leave his babes, His mansion, and his titles, in a place From whence himself does fly?",his,LADY MACDUFF,male,6
4,2,LADY MACDUFF,"to leave his wife, to leave his babes, His mansion, and his titles, in a place From whence himself does fly?",His,LADY MACDUFF,male,6
4,2,LADY MACDUFF,"to leave his wife, to leave his babes, His mansion, and his titles, in a place From whence himself does fly?",his,LADY MACDUFF,male,6
4,2,LADY MACDUFF,"to leave his wife, to leave his babes, His mansion, and his titles, in a place From whence himself does fly?",himself,LADY MACDUFF,male,6
4,2,LADY MACDUFF,"He loves us not: He wants the natural touch; for the poor wren, The most diminutive of birds, will fight, Her young ones",He,LADY MACDUFF,male,7
4,2,LADY MACDUFF,"He loves us not: He wants the natural touch; for the poor wren, The most diminutive of birds, will fight, Her young ones",He,LADY MACDUFF,male,7
4,2,LADY MACDUFF,"He loves us not: He wants the natural touch; for the poor wren, The most diminutive of birds, will fight, Her young ones",Her,LADY MACDUFF,unknown,7
4,2,LADY MACDUFF,"He loves us not: He wants the natural touch; for the poor wren, The most diminutive of birds, will fight, Her young ones",her,LADY MACDUFF,unknown,7
4,2,ROSS,"My dearest coz, I pray you, school yourself: but, for your husband, He is noble, wise, judicious, and best knows The fit",He,ROSS,male,7
4,2,ROSS,"Things at the worst will cease, or else climb upward To what they were before.—My pretty cousin, Blessing upon you!",they,ROSS,neutral,7
4,2,LADY MACDUFF,"Father'd he is, and yet he's fatherless.",he,LADY MACDUFF,male,7
4,2,LADY MACDUFF,"Father'd he is, and yet he's fatherless.",he,LADY MACDUFF,male,7
4,2,ROSS,"I am so much a fool, should I stay longer, It would be my disgrace and your discomfort: I take my leave at once.",It,ROSS,neutral,7
4,2,SON,"With what I get, I mean; and so do they.",they,SON,neutral,7
4,2,SON,they are not set for.,they,SON,neutral,7
4,2,LADY MACDUFF,"Yes, he is dead: how wilt thou do for a father?",he,LADY MACDUFF,male,7
4,2,LADY MACDUFF,"Ay, that he was.",he,LADY MACDUFF,male,7
4,2,SON,And must they all be hanged that swear and lie?,they,SON,neutral,7
4,2,SON,Who must hang them?,them,SON,neutral,7
4,2,SON,Then the liars and swearers are fools: for there are liars and swearers enow to beat the honest men and hang up them.,them,SON,neutral,7
4,2,SON,"If he were dead, you'ld weep for him: if you would not, it were a good sign that I should quickly have a new father.",he,LADY MACDUFF,male,7
4,2,SON,"If he were dead, you'ld weep for him: if you would not, it were a good sign that I should quickly have a new father.",him,LADY MACDUFF,male,7
4,2,SON,"If he were dead, you'ld weep for him: if you would not, it were a good sign that I should quickly have a new father.",it,SON,neutral,7
4,2,LADY MACDUFF,"I hope, in no place so unsanctified Where such as thou mayst find him.",him,LADY MACDUFF,male,7
4,2,FIRST MURDERER,He's a traitor.,He,LADY MACDUFF,male,7
4,2,FIRST MURDERER,Stabbing him.,him,LADY MACDUFF,male,7
4,2,SON,"He has kill'd me, mother: Run away, I pray you!",He,LADY MACDUFF,male,7
4,3,MACDUFF,"Each new morn New widows howl, new orphans cry; new sorrows Strike heaven on the face, that it resounds As if it felt wi",it,MACDUFF,neutral,3
4,3,MACDUFF,"Each new morn New widows howl, new orphans cry; new sorrows Strike heaven on the face, that it resounds As if it felt wi",it,MACDUFF,neutral,3
4,3,MALCOLM,"What you have spoke, it may be so, perchance.",it,MALCOLM,neutral,6
4,3,MALCOLM,"This tyrant, whose sole name blisters our tongues, Was once thought honest: you have loved him well; He hath not touch'd",him,MALCOLM,male,7
4,3,MALCOLM,"This tyrant, whose sole name blisters our tongues, Was once thought honest: you have loved him well; He hath not touch'd",He,MALCOLM,male,7
4,3,MALCOLM,"I am young; but something You may deserve of him through me; and wisdom To offer up a weak, poor, innocent lamb To appea",him,MALCOLM,male,7
4,3,MALCOLM,"I think our country sinks beneath the yoke; It weeps, it bleeds; and each new day a gash Is added to her wounds.",It,MALCOLM,neutral,7
4,3,MALCOLM,"I think our country sinks beneath the yoke; It weeps, it bleeds; and each new day a gash Is added to her wounds.",it,MALCOLM,neutral,7
4,3,MALCOLM,"I think our country sinks beneath the yoke; It weeps, it bleeds; and each new day a gash Is added to her wounds.",her,MALCOLM,unknown,7
4,3,MALCOLM,"I think, withal, There would be hands uplifted in my right; And here, from gracious England, have I offer Of goodly thou",it,MALCOLM,neutral,7
4,3,MALCOLM,"I think, withal, There would be hands uplifted in my right; And here, from gracious England, have I offer Of goodly thou",it,MALCOLM,neutral,7
4,3,MALCOLM,"I think, withal, There would be hands uplifted in my right; And here, from gracious England, have I offer Of goodly thou",him,MALCOLM,male,7
4,3,MACDUFF,What should he be?,he,MACDUFF,male,7
4,3,MALCOLM,"It is myself I mean; in whom I know All the particulars of vice so grafted That, when they shall be open'd, black Macbet",It,Macbeth,neutral,7
4,3,MALCOLM,"It is myself I mean; in whom I know All the particulars of vice so grafted That, when they shall be open'd, black Macbet",they,Macbeth,neutral,7
4,3,MALCOLM,"It is myself I mean; in whom I know All the particulars of vice so grafted That, when they shall be open'd, black Macbet",him,Macbeth,male,7
4,3,MALCOLM,"I grant him bloody, Luxurious, avaricious, false, deceitful, Sudden, malicious, smacking of every sin That has a name: b",him,Macbeth,male,7
4,3,MACDUFF,"Boundless intemperance In nature is a tyranny; it hath been Th' untimely emptying of the happy throne, And fall of many ",it,MACDUFF,neutral,7
4,3,MACDUFF,"We have willing dames enough; there cannot be That vulture in you, to devour so many As will to greatness dedicate thems",themselves,MACDUFF,neutral,7
4,3,MACDUFF,"We have willing dames enough; there cannot be That vulture in you, to devour so many As will to greatness dedicate thems",it,MACDUFF,neutral,7
4,3,MALCOLM,"With this there grows In my most ill-compos'd affection such A staunchless avarice, that, were I king, I should cut off ",their,MALCOLM,neutral,7
4,3,MALCOLM,"With this there grows In my most ill-compos'd affection such A staunchless avarice, that, were I king, I should cut off ",his,MALCOLM,male,7
4,3,MALCOLM,And my more-having would be as a sauce To make me hunger more; that I should forge Quarrels unjust against the good and ,them,MALCOLM,neutral,7
4,3,MACDUFF,This avarice Sticks deeper; grows with more pernicious root Than summer-seeming lust; and it hath been The sword of our ,it,MACDUFF,neutral,7
4,3,MALCOLM,"But I have none: the king-becoming graces, As justice, verity, temp'rance, stableness, Bounty, perseverance, mercy, lowl",them,MALCOLM,neutral,7
4,3,MALCOLM,"But I have none: the king-becoming graces, As justice, verity, temp'rance, stableness, Bounty, perseverance, mercy, lowl",it,MALCOLM,neutral,7
4,3,MACDUFF,"No, not to live.—O nation miserable, With an untitled tyrant bloody-scepter'd, When shalt thou see thy wholesome days ag",his,MACDUFF,male,7
4,3,MACDUFF,"No, not to live.—O nation miserable, With an untitled tyrant bloody-scepter'd, When shalt thou see thy wholesome days ag",his,MACDUFF,male,7
4,3,MACDUFF,"The queen that bore thee, Oft'ner upon her knees than on her feet, Died every day she lived.",her,MACDUFF,unknown,7
4,3,MACDUFF,"The queen that bore thee, Oft'ner upon her knees than on her feet, Died every day she lived.",her,MACDUFF,unknown,7
4,3,MACDUFF,"The queen that bore thee, Oft'ner upon her knees than on her feet, Died every day she lived.",she,MACDUFF,unknown,7
4,3,MALCOLM,"By many of these trains hath sought to win me Into his power, and modest wisdom plucks me From over-credulous haste: but",his,MALCOLM,male,7
4,3,MALCOLM,I am yet Unknown to woman; never was forsworn; Scarcely have coveted what was mine own; At no time broke my faith; would,his,MALCOLM,male,7
4,3,DOCTOR,"There are a crew of wretched souls That stay his cure: their malady convinces The great assay of art; but at his touch, ",his,MALCOLM,male,7
4,3,DOCTOR,"There are a crew of wretched souls That stay his cure: their malady convinces The great assay of art; but at his touch, ",their,DOCTOR,neutral,7
4,3,DOCTOR,"There are a crew of wretched souls That stay his cure: their malady convinces The great assay of art; but at his touch, ",his,MALCOLM,male,7
4,3,DOCTOR,"There are a crew of wretched souls That stay his cure: their malady convinces The great assay of art; but at his touch, ",his,MALCOLM,male,7
4,3,DOCTOR,"There are a crew of wretched souls That stay his cure: their malady convinces The great assay of art; but at his touch, ",They,DOCTOR,neutral,7
4,3,MACDUFF,What's the disease he means?,he,MACDUFF,male,7
4,3,MALCOLM,"'Tis call'd the evil: A most miraculous work in this good king; Which often, since my here-remain in England, I have see",him,MALCOLM,male,7
4,3,MALCOLM,"How he solicits heaven, Himself best knows, but strangely-visited people, All swoln and ulcerous, pitiful to the eye, Th",he,MALCOLM,male,7
4,3,MALCOLM,"How he solicits heaven, Himself best knows, but strangely-visited people, All swoln and ulcerous, pitiful to the eye, Th",he,MALCOLM,male,7
4,3,MALCOLM,"How he solicits heaven, Himself best knows, but strangely-visited people, All swoln and ulcerous, pitiful to the eye, Th",their,MALCOLM,neutral,7
4,3,MALCOLM,"How he solicits heaven, Himself best knows, but strangely-visited people, All swoln and ulcerous, pitiful to the eye, Th",he,MALCOLM,male,7
4,3,MALCOLM,"With this strange virtue, He hath a heavenly gift of prophecy; And sundry blessings hang about his throne, That speak hi",He,MALCOLM,male,7
4,3,MALCOLM,"With this strange virtue, He hath a heavenly gift of prophecy; And sundry blessings hang about his throne, That speak hi",his,MALCOLM,male,7
4,3,MALCOLM,"With this strange virtue, He hath a heavenly gift of prophecy; And sundry blessings hang about his throne, That speak hi",him,MALCOLM,male,7
4,3,MALCOLM,My countryman; but yet I know him not.,him,MALCOLM,male,7
4,3,MALCOLM,I know him now.,him,MALCOLM,male,7
4,3,MACDUFF,Stands Scotland where it did?,it,MACDUFF,neutral,7
4,3,ROSS,"It cannot Be call'd our mother, but our grave, where nothing, But who knows nothing, is once seen to smile; Where sighs,",It,ROSS,neutral,7
4,3,ROSS,"The dead man's knell Is there scarce ask'd for who; and good men's lives Expire before the flowers in their caps, Dying ",their,ROSS,neutral,7
4,3,ROSS,"The dead man's knell Is there scarce ask'd for who; and good men's lives Expire before the flowers in their caps, Dying ",they,ROSS,neutral,7
4,3,MACDUFF,The tyrant has not batter'd at their peace?,their,MACDUFF,neutral,7
4,3,ROSS,No; they were well at peace when I did leave 'em.,they,ROSS,neutral,7
4,3,ROSS,"Your eye in Scotland Would create soldiers, make our women fight, To doff their dire distresses.",their,ROSS,neutral,7
4,3,MALCOLM,Be't their comfort We are coming thither.,their,MALCOLM,neutral,7
4,3,ROSS,"But I have words That would be howl'd out in the desert air, Where hearing should not latch them.",them,ROSS,neutral,7
4,3,MACDUFF,What concern they?,they,MACDUFF,neutral,7
4,3,MACDUFF,or is it a fee-grief Due to some single breast?,it,MACDUFF,neutral,7
4,3,ROSS,"No mind that's honest But in it shares some woe, though the main part Pertains to you alone.",it,ROSS,neutral,7
4,3,MACDUFF,"If it be mine, Keep it not from me, quickly let me have it.",it,MACDUFF,neutral,7
4,3,MACDUFF,"If it be mine, Keep it not from me, quickly let me have it.",it,MACDUFF,neutral,7
4,3,MACDUFF,"If it be mine, Keep it not from me, quickly let me have it.",it,MACDUFF,neutral,7
4,3,ROSS,"Let not your ears despise my tongue for ever, Which shall possess them with the heaviest sound That ever yet they heard.",them,ROSS,neutral,7
4,3,ROSS,"Let not your ears despise my tongue for ever, Which shall possess them with the heaviest sound That ever yet they heard.",they,ROSS,neutral,7
4,3,MACDUFF,I guess at it.,it,MACDUFF,neutral,7
4,3,MALCOLM,"The grief that does not speak Whispers the o'er-fraught heart, and bids it break.",it,MALCOLM,neutral,7
4,3,MACDUFF,He has no children.—All my pretty ones?,He,MACDUFF,male,7
4,3,MACDUFF,"What, all my pretty chickens and their dam At one fell swoop?",their,MACDUFF,neutral,7
4,3,MALCOLM,Dispute it like a man.,it,MALCOLM,neutral,7
4,3,MACDUFF,"But I must also feel it as a man: I cannot but remember such things were, That were most precious to me.—Did heaven look",it,MACDUFF,neutral,7
4,3,MACDUFF,"But I must also feel it as a man: I cannot but remember such things were, That were most precious to me.—Did heaven look",their,MACDUFF,neutral,7
4,3,MACDUFF,"Sinful Macduff, They were all struck for thee!",They,Macduff,neutral,7
4,3,MACDUFF,"Naught that I am, Not for their own demerits, but for mine, Fell slaughter on their souls: heaven rest them now!",their,MACDUFF,neutral,7
4,3,MACDUFF,"Naught that I am, Not for their own demerits, but for mine, Fell slaughter on their souls: heaven rest them now!",their,MACDUFF,neutral,7
4,3,MACDUFF,"Naught that I am, Not for their own demerits, but for mine, Fell slaughter on their souls: heaven rest them now!",them,MACDUFF,neutral,7
4,3,MALCOLM,"Let grief Convert to anger; blunt not the heart, enrage it.",it,MALCOLM,neutral,7
4,3,MACDUFF,"O, I could play the woman with mine eyes, And braggart with my tongue!—But, gentle heavens, Cut short all intermission; ",him,MACDUFF,male,7
4,3,MACDUFF,"O, I could play the woman with mine eyes, And braggart with my tongue!—But, gentle heavens, Cut short all intermission; ",he,MACDUFF,male,7
4,3,MACDUFF,"O, I could play the woman with mine eyes, And braggart with my tongue!—But, gentle heavens, Cut short all intermission; ",him,MACDUFF,male,7
4,3,MALCOLM,"Macbeth Is ripe for shaking, and the powers above Put on their instruments.",their,Macbeth,neutral,7
5,1,DOCTOR,When was it she last walked?,it,DOCTOR,neutral,2
5,1,DOCTOR,When was it she last walked?,she,DOCTOR,unknown,2
5,1,GENTLEWOMAN,"Since his Majesty went into the field, I have seen her rise from her bed, throw her nightgown upon her, unlock her close",his,GENTLEWOMAN,unknown,3
5,1,GENTLEWOMAN,"Since his Majesty went into the field, I have seen her rise from her bed, throw her nightgown upon her, unlock her close",her,GENTLEWOMAN,unknown,3
5,1,GENTLEWOMAN,"Since his Majesty went into the field, I have seen her rise from her bed, throw her nightgown upon her, unlock her close",her,GENTLEWOMAN,unknown,3
5,1,GENTLEWOMAN,"Since his Majesty went into the field, I have seen her rise from her bed, throw her nightgown upon her, unlock her close",her,GENTLEWOMAN,unknown,3
5,1,GENTLEWOMAN,"Since his Majesty went into the field, I have seen her rise from her bed, throw her nightgown upon her, unlock her close",her,GENTLEWOMAN,unknown,3
5,1,GENTLEWOMAN,"Since his Majesty went into the field, I have seen her rise from her bed, throw her nightgown upon her, unlock her close",her,GENTLEWOMAN,unknown,3
5,1,GENTLEWOMAN,"Since his Majesty went into the field, I have seen her rise from her bed, throw her nightgown upon her, unlock her close",it,GENTLEWOMAN,neutral,3
5,1,GENTLEWOMAN,"Since his Majesty went into the field, I have seen her rise from her bed, throw her nightgown upon her, unlock her close",it,GENTLEWOMAN,neutral,3
5,1,GENTLEWOMAN,"Since his Majesty went into the field, I have seen her rise from her bed, throw her nightgown upon her, unlock her close",it,GENTLEWOMAN,neutral,3
5,1,DOCTOR,"In this slumbery agitation, besides her walking and other actual performances, what, at any time, have you heard her say",her,DOCTOR,unknown,5
5,1,DOCTOR,"In this slumbery agitation, besides her walking and other actual performances, what, at any time, have you heard her say",her,DOCTOR,unknown,5
5,1,GENTLEWOMAN,"That, sir, which I will not report after her.",her,GENTLEWOMAN,unknown,6
5,1,GENTLEWOMAN,"Lo you, here she comes!",she,GENTLEWOMAN,unknown,7
5,1,GENTLEWOMAN,"This is her very guise; and, upon my life, fast asleep.",her,GENTLEWOMAN,unknown,7
5,1,GENTLEWOMAN,Observe her; stand close.,her,GENTLEWOMAN,unknown,7
5,1,DOCTOR,How came she by that light?,she,DOCTOR,unknown,7
5,1,GENTLEWOMAN,"Why, it stood by her: she has light by her continually; 'tis her command.",it,GENTLEWOMAN,neutral,7
5,1,GENTLEWOMAN,"Why, it stood by her: she has light by her continually; 'tis her command.",her,GENTLEWOMAN,unknown,7
5,1,GENTLEWOMAN,"Why, it stood by her: she has light by her continually; 'tis her command.",she,GENTLEWOMAN,unknown,7
5,1,GENTLEWOMAN,"Why, it stood by her: she has light by her continually; 'tis her command.",her,GENTLEWOMAN,unknown,7
5,1,GENTLEWOMAN,"Why, it stood by her: she has light by her continually; 'tis her command.",her,GENTLEWOMAN,unknown,7
5,1,DOCTOR,"You see, her eyes are open.",her,DOCTOR,unknown,7
5,1,GENTLEWOMAN,"Ay, but their sense are shut.",their,GENTLEWOMAN,neutral,7
5,1,DOCTOR,What is it she does now?,it,DOCTOR,neutral,7
5,1,DOCTOR,What is it she does now?,she,DOCTOR,unknown,7
5,1,DOCTOR,Look how she rubs her hands.,she,DOCTOR,unknown,7
5,1,DOCTOR,Look how she rubs her hands.,her,DOCTOR,unknown,7
5,1,GENTLEWOMAN,"It is an accustomed action with her, to seem thus washing her hands.",It,GENTLEWOMAN,neutral,7
5,1,GENTLEWOMAN,"It is an accustomed action with her, to seem thus washing her hands.",her,GENTLEWOMAN,unknown,7
5,1,GENTLEWOMAN,"It is an accustomed action with her, to seem thus washing her hands.",her,GENTLEWOMAN,unknown,7
5,1,GENTLEWOMAN,I have known her continue in this a quarter of an hour.,her,GENTLEWOMAN,unknown,7
5,1,DOCTOR,"Hark, she speaks.",she,DOCTOR,unknown,7
5,1,DOCTOR,"I will set down what comes from her, to satisfy my remembrance the more strongly.",her,DOCTOR,unknown,7
5,1,LADY MACBETH,"What need we fear who knows it, when none can call our power to account?",it,LADY MACBETH,neutral,7
5,1,LADY MACBETH,Yet who would have thought the old man to have had so much blood in him?,him,LADY MACBETH,male,7
5,1,LADY MACBETH,"Where is she now?—What, will these hands ne'er be clean?",she,LADY MACBETH,unknown,7
5,1,GENTLEWOMAN,"She has spoke what she should not, I am sure of that: heaven knows what she has known.",She,GENTLEWOMAN,unknown,7
5,1,GENTLEWOMAN,"She has spoke what she should not, I am sure of that: heaven knows what she has known.",she,GENTLEWOMAN,unknown,7
5,1,GENTLEWOMAN,"She has spoke what she should not, I am sure of that: heaven knows what she has known.",she,GENTLEWOMAN,unknown,7
5,1,GENTLEWOMAN,"Pray God it be, sir.",it,GENTLEWOMAN,neutral,7
5,1,DOCTOR,"This disease is beyond my practice: yet I have known those which have walked in their sleep, who have died holily in the",their,DOCTOR,neutral,7
5,1,DOCTOR,"This disease is beyond my practice: yet I have known those which have walked in their sleep, who have died holily in the",their,DOCTOR,neutral,7
5,1,LADY MACBETH,"I tell you yet again, Banquo's buried; he cannot come out on's grave.",he,Banquo,male,7
5,1,DOCTOR,Will she go now to bed?,she,DOCTOR,unknown,7
5,1,DOCTOR,Unnatural deeds Do breed unnatural troubles: infected minds To their deaf pillows will discharge their secrets.,their,DOCTOR,neutral,7
5,1,DOCTOR,Unnatural deeds Do breed unnatural troubles: infected minds To their deaf pillows will discharge their secrets.,their,DOCTOR,neutral,7
5,1,DOCTOR,More needs she the divine than the physician.—,she,DOCTOR,unknown,7
5,1,DOCTOR,"Look after her; Remove from her the means of all annoyance, And still keep eyes upon her.",her,DOCTOR,unknown,7
5,1,DOCTOR,"Look after her; Remove from her the means of all annoyance, And still keep eyes upon her.",her,DOCTOR,unknown,7
5,1,DOCTOR,"Look after her; Remove from her the means of all annoyance, And still keep eyes upon her.",her,DOCTOR,unknown,7
5,1,DOCTOR,"My mind she has mated, and amaz'd my sight.",she,DOCTOR,unknown,7
5,2,MENTEITH,"The English power is near, led on by Malcolm, His uncle Siward, and the good Macduff.",His,Macduff,male,4
5,2,MENTEITH,Revenges burn in them; for their dear causes Would to the bleeding and the grim alarm Excite the mortified man.,them,Revenges,neutral,6
5,2,MENTEITH,Revenges burn in them; for their dear causes Would to the bleeding and the grim alarm Excite the mortified man.,their,Revenges,neutral,6
5,2,ANGUS,Near Birnam wood Shall we well meet them.,them,ANGUS,neutral,7
5,2,ANGUS,That way are they coming.,they,ANGUS,neutral,7
5,2,CAITHNESS,Who knows if Donalbain be with his brother?,his,Donalbain,male,7
5,2,LENNOX,"For certain, sir, he is not.",he,LENNOX,male,7
5,2,LENNOX,"I have a file Of all the gentry: there is Siward's son And many unrough youths, that even now Protest their first of man",their,Siward,neutral,7
5,2,CAITHNESS,Great Dunsinane he strongly fortifies.,he,CAITHNESS,male,7
5,2,CAITHNESS,"Some say he's mad; others, that lesser hate him, Do call it valiant fury: but, for certain, He cannot buckle his distemp",he,CAITHNESS,male,7
5,2,CAITHNESS,"Some say he's mad; others, that lesser hate him, Do call it valiant fury: but, for certain, He cannot buckle his distemp",him,CAITHNESS,male,7
5,2,CAITHNESS,"Some say he's mad; others, that lesser hate him, Do call it valiant fury: but, for certain, He cannot buckle his distemp",it,CAITHNESS,neutral,7
5,2,CAITHNESS,"Some say he's mad; others, that lesser hate him, Do call it valiant fury: but, for certain, He cannot buckle his distemp",He,CAITHNESS,male,7
5,2,CAITHNESS,"Some say he's mad; others, that lesser hate him, Do call it valiant fury: but, for certain, He cannot buckle his distemp",his,CAITHNESS,male,7
5,2,ANGUS,Now does he feel His secret murders sticking on his hands; Now minutely revolts upbraid his faith-breach; Those he comma,he,ANGUS,male,7
5,2,ANGUS,Now does he feel His secret murders sticking on his hands; Now minutely revolts upbraid his faith-breach; Those he comma,His,ANGUS,male,7
5,2,ANGUS,Now does he feel His secret murders sticking on his hands; Now minutely revolts upbraid his faith-breach; Those he comma,his,ANGUS,male,7
5,2,ANGUS,Now does he feel His secret murders sticking on his hands; Now minutely revolts upbraid his faith-breach; Those he comma,his,ANGUS,male,7
5,2,ANGUS,Now does he feel His secret murders sticking on his hands; Now minutely revolts upbraid his faith-breach; Those he comma,he,ANGUS,male,7
5,2,ANGUS,Now does he feel His secret murders sticking on his hands; Now minutely revolts upbraid his faith-breach; Those he comma,he,ANGUS,male,7
5,2,ANGUS,Now does he feel His secret murders sticking on his hands; Now minutely revolts upbraid his faith-breach; Those he comma,his,ANGUS,male,7
5,2,ANGUS,Now does he feel His secret murders sticking on his hands; Now minutely revolts upbraid his faith-breach; Those he comma,him,ANGUS,male,7
5,2,MENTEITH,"Who, then, shall blame His pester'd senses to recoil and start, When all that is within him does condemn Itself for bein",His,MENTEITH,male,7
5,2,MENTEITH,"Who, then, shall blame His pester'd senses to recoil and start, When all that is within him does condemn Itself for bein",him,MENTEITH,male,7
5,2,CAITHNESS,"Well, march we on, To give obedience where 'tis truly ow'd: Meet we the med'cine of the sickly weal; And with him pour w",him,CAITHNESS,male,7
5,2,LENNOX,"Or so much as it needs To dew the sovereign flower, and drown the weeds.",it,LENNOX,neutral,7
5,3,MACBETH,Bring me no more reports; let them fly all: Till Birnam wood remove to Dunsinane I cannot taint with fear.,them,MACBETH,neutral,1
5,3,MACBETH,Was he not born of woman?,he,MACBETH,male,5
5,3,MACBETH,"I have liv'd long enough: my way of life Is fall'n into the sere, the yellow leaf; And that which should accompany old a",their,MACBETH,neutral,7
5,3,MACBETH,I'll put it on.,it,MACBETH,neutral,7
5,3,DOCTOR,"Not so sick, my lord, As she is troubled with thick-coming fancies, That keep her from her rest.",she,DOCTOR,unknown,7
5,3,DOCTOR,"Not so sick, my lord, As she is troubled with thick-coming fancies, That keep her from her rest.",her,DOCTOR,unknown,7
5,3,DOCTOR,"Not so sick, my lord, As she is troubled with thick-coming fancies, That keep her from her rest.",her,DOCTOR,unknown,7
5,3,MACBETH,"Cure her of that: Canst thou not minister to a mind diseas'd, Pluck from the memory a rooted sorrow, Raze out the writte",her,Raze,unknown,7
5,3,DOCTOR,Therein the patient Must minister to himself.,himself,MACBETH,male,7
5,3,MACBETH,"Throw physic to the dogs, I'll none of it.",it,MACBETH,neutral,7
5,3,MACBETH,"— Come, sir, despatch.—If thou couldst, doctor, cast The water of my land, find her disease, And purge it to a sound and",her,MACBETH,unknown,7
5,3,MACBETH,"— Come, sir, despatch.—If thou couldst, doctor, cast The water of my land, find her disease, And purge it to a sound and",it,MACBETH,neutral,7
5,3,MACBETH,Hear'st thou of them?,them,Hear'st,neutral,7
5,3,MACBETH,Bring it after me.,it,MACBETH,neutral,7
5,4,MENTEITH,We doubt it nothing.,it,MENTEITH,neutral,3
5,4,MALCOLM,"Let every soldier hew him down a bough, And bear't before him.",him,MALCOLM,male,6
5,4,MALCOLM,"Let every soldier hew him down a bough, And bear't before him.",him,MALCOLM,male,6
5,4,SOLDIERS,It shall be done.,It,SOLDIERS,neutral,7
5,4,MALCOLM,"'Tis his main hope; For where there is advantage to be given, Both more and less have given him the revolt, And none ser",his,MALCOLM,male,7
5,4,MALCOLM,"'Tis his main hope; For where there is advantage to be given, Both more and less have given him the revolt, And none ser",him,MALCOLM,male,7
5,4,MALCOLM,"'Tis his main hope; For where there is advantage to be given, Both more and less have given him the revolt, And none ser",him,MALCOLM,male,7
5,4,SIWARD,"Thoughts speculative their unsure hopes relate, But certain issue strokes must arbitrate;",their,SIWARD,neutral,7
5,5,MACBETH,"Hang out our banners on the outward walls; The cry is still, ""They come!""",They,MACBETH,neutral,1
5,5,MACBETH,Our castle's strength Will laugh a siege to scorn: here let them lie Till famine and the ague eat them up.,them,MACBETH,neutral,2
5,5,MACBETH,Our castle's strength Will laugh a siege to scorn: here let them lie Till famine and the ague eat them up.,them,MACBETH,neutral,2
5,5,MACBETH,"Were they not forc'd with those that should be ours, We might have met them dareful, beard to beard, And beat them backw",they,MACBETH,neutral,3
5,5,MACBETH,"Were they not forc'd with those that should be ours, We might have met them dareful, beard to beard, And beat them backw",them,MACBETH,neutral,3
5,5,MACBETH,"Were they not forc'd with those that should be ours, We might have met them dareful, beard to beard, And beat them backw",them,MACBETH,neutral,3
5,5,SEYTON,"It is the cry of women, my good lord.",It,SEYTON,neutral,6
5,5,MACBETH,She should have died hereafter.,She,MACBETH,unknown,7
5,5,MACBETH,"Life's but a walking shadow; a poor player, That struts and frets his hour upon the stage,",his,MACBETH,male,7
5,5,MACBETH,"And then is heard no more: it is a tale Told by an idiot, full of sound and fury, Signifying nothing.",it,MACBETH,neutral,7
5,5,MESSENGER,"Within this three mile may you see it coming; I say, a moving grove.",it,MESSENGER,neutral,7
5,5,MACBETH,"If this which he avouches does appear, There is nor flying hence nor tarrying here.",he,MACBETH,male,7
5,6,MACDUFF,"Make all our trumpets speak; give them all breath, Those clamorous harbingers of blood and death.",them,MACDUFF,neutral,6
5,7,MACBETH,They have tied me to a stake.,They,MACBETH,neutral,1
5,7,MACBETH,"I cannot fly, But, bear-like I must fight the course.—What's he That was not born of woman?",he,MACBETH,male,2
5,7,MACBETH,Thou'lt be afraid to hear it.,it,MACBETH,neutral,7
5,7,YOUNG SIWARD,The devil himself could not pronounce a title More hateful to mine ear.,himself,YOUNG SIWARD,male,7
5,7,YOUNG SIWARD,"They fight, and young Siward is slain.",They,young Siward,neutral,7
5,7,MACDUFF,"I cannot strike at wretched kerns, whose arms Are hired to bear their staves.",their,MACDUFF,neutral,7
5,7,MACDUFF,"Let me find him, Fortune!",him,MACDUFF,male,7
5,8,MACBETH,"whiles I see lives, the gashes Do better upon them.",them,MACBETH,neutral,2
5,8,MACDUFF,They fight.,They,MACDUFF,neutral,7
5,8,MACDUFF,"Despair thy charm; And let the angel whom thou still hast serv'd Tell thee, Macduff was from his mother's womb Untimely ",his,Macduff,male,7
5,8,MACBETH,"Accursed be that tongue that tells me so, For it hath cow'd my better part of man!",it,MACBETH,neutral,7
5,8,MACBETH,"And be these juggling fiends no more believ'd, That palter with us in a double sense; That keep the word of promise to o",it,MACBETH,neutral,7
5,8,MACBETH,"Before my body I throw my warlike shield: lay on, Macduff; And damn'd be him that first cries, ""Hold, enough!""",him,Macduff,male,7
5,8,ROSS,"Your son, my lord, has paid a soldier's debt: He only liv'd but till he was a man; The which no sooner had his prowess c",He,ROSS,male,7
5,8,ROSS,"Your son, my lord, has paid a soldier's debt: He only liv'd but till he was a man; The which no sooner had his prowess c",he,ROSS,male,7
5,8,ROSS,"Your son, my lord, has paid a soldier's debt: He only liv'd but till he was a man; The which no sooner had his prowess c",his,ROSS,male,7
5,8,ROSS,"In the unshrinking station where he fought, But like a man he died.",he,ROSS,male,7
5,8,ROSS,"In the unshrinking station where he fought, But like a man he died.",he,ROSS,male,7
5,8,SIWARD,Then he is dead?,he,SIWARD,male,7
5,8,ROSS,"Your cause of sorrow Must not be measur'd by his worth, for then It hath no end.",his,ROSS,male,7
5,8,ROSS,"Your cause of sorrow Must not be measur'd by his worth, for then It hath no end.",It,ROSS,neutral,7
5,8,SIWARD,Had he his hurts before?,he,SIWARD,male,7
5,8,SIWARD,Had he his hurts before?,his,SIWARD,male,7
5,8,SIWARD,"Why then, God's soldier be he!",he,SIWARD,male,7
5,8,SIWARD,"Had I as many sons as I have hairs, I would not wish them to a fairer death:",them,SIWARD,neutral,7
5,8,SIWARD,And so his knell is knoll'd.,his,SIWARD,male,7
5,8,MALCOLM,"He's worth more sorrow, And that I'll spend for him.",He,MALCOLM,male,7
5,8,MALCOLM,"He's worth more sorrow, And that I'll spend for him.",him,MALCOLM,male,7
5,8,SIWARD,He's worth no more.,He,SIWARD,male,7
5,8,SIWARD,They say he parted well and paid his score:,They,SIWARD,neutral,7
5,8,SIWARD,They say he parted well and paid his score:,he,SIWARD,male,7
5,8,SIWARD,They say he parted well and paid his score:,his,SIWARD,male,7
5,8,MACDUFF,"I see thee compass'd with thy kingdom's pearl, That speak my salutation in their minds; Whose voices I desire aloud with",their,MACDUFF,neutral,7
5,8,MALCOLM,"What's more to do, Which would be planted newly with the time,— As calling home our exil'd friends abroad, That fled the",his,MALCOLM,male,7
5,8,MALCOLM,"What's more to do, Which would be planted newly with the time,— As calling home our exil'd friends abroad, That fled the",her,MALCOLM,unknown,7
