play,act,scene,speaker,original_sentence,pronoun,resolved_to,resolved_sentence,gender_group,resolution_source
THE TRAGEDY OF ROMEO AND JULIET,1,1,BENVOLIO,"I drew to part them, in the instant came The fiery Tybalt, with his sword prepar'd, Which, as he breath'd defiance to my",he,MONTAGUE,"I drew to part them, in the instant came The fiery Tybalt, with his sword prepar'd, Which, as MONTAGUE breath'd defiance",male,relationship-graph
THE TRAGEDY OF ROMEO AND JULIET,1,1,BENVOLIO,"I drew to part them, in the instant came The fiery Tybalt, with his sword prepar'd, Which, as he breath'd defiance to my",He,MONTAGUE,"I drew to part them, in the instant came The fiery Tybalt, with his sword prepar'd, Which, as MONTAGUE breath'd defiance",male,relationship-graph
THE TRAGEDY OF ROMEO AND JULIET,1,1,BENVOLIO,"I drew to part them, in the instant came The fiery Tybalt, with his sword prepar'd, Which, as he breath'd defiance to my",him,MONTAGUE,"I drew to part them, in the instant came The fiery Tybalt, with his sword prepar'd, Which, as MONTAGUE breath'd defiance",male,relationship-graph
THE TRAGEDY OF ROMEO AND JULIET,1,1,BENVOLIO,"Towards him I made, but he was ware of me, And stole into the covert of the wood.",him,MONTAGUE,"Towards MONTAGUE I made, but he was ware of me, And stole into the covert of the wood.",male,relationship-graph
THE TRAGEDY OF ROMEO AND JULIET,1,1,BENVOLIO,"Towards him I made, but he was ware of me, And stole into the covert of the wood.",he,MONTAGUE,"Towards MONTAGUE I made, but MONTAGUE was ware of me, And stole into the covert of the wood.",male,relationship-graph
THE TRAGEDY OF ROMEO AND JULIET,1,1,MONTAGUE,"Many a morning hath he there been seen, With tears augmenting the fresh morning's dew, Adding to clouds more clouds with",he,ROMEO,"Many a morning hath ROMEO there been seen, With tears augmenting the fresh morning's dew, Adding to clouds more clouds w",male,relationship-graph
THE TRAGEDY OF ROMEO AND JULIET,1,1,MONTAGUE,"Many a morning hath he there been seen, With tears augmenting the fresh morning's dew, Adding to clouds more clouds with",himself,ROMEO,"Many a morning hath ROMEO there been seen, With tears augmenting the fresh morning's dew, Adding to clouds more clouds w",male,relationship-graph
THE TRAGEDY OF ROMEO AND JULIET,1,1,MONTAGUE,"Many a morning hath he there been seen, With tears augmenting the fresh morning's dew, Adding to clouds more clouds with",himself,ROMEO,"Many a morning hath ROMEO there been seen, With tears augmenting the fresh morning's dew, Adding to clouds more clouds w",male,relationship-graph
THE TRAGEDY OF ROMEO AND JULIET,1,1,MONTAGUE,I neither know it nor can learn of him.,him,ROMEO,I neither know it nor can learn of ROMEO.,male,relationship-graph
THE TRAGEDY OF ROMEO AND JULIET,1,1,BENVOLIO,Have you importun'd him by any means?,him,MONTAGUE,Have you importun'd MONTAGUE by any means?,male,relationship-graph
THE TRAGEDY OF ROMEO AND JULIET,1,1,MONTAGUE,"Both by myself and many other friends; But he, his own affections' counsellor, Is to himself—I will not say how true— Bu",he,ROMEO,"Both by myself and many other friends; But ROMEO, his own affections' counsellor, Is to himself—I will not say how true—",male,relationship-graph
THE TRAGEDY OF ROMEO AND JULIET,1,1,MONTAGUE,"Both by myself and many other friends; But he, his own affections' counsellor, Is to himself—I will not say how true— Bu",himself,ROMEO,"Both by myself and many other friends; But ROMEO, his own affections' counsellor, Is to ROMEO—I will not say how true— B",male,relationship-graph
THE TRAGEDY OF ROMEO AND JULIET,1,1,MONTAGUE,"Both by myself and many other friends; But he, his own affections' counsellor, Is to himself—I will not say how true— Bu",himself,ROMEO,"Both by myself and many other friends; But ROMEO, his own affections' counsellor, Is to ROMEO—I will not say how true— B",male,relationship-graph
THE TRAGEDY OF ROMEO AND JULIET,1,1,MONTAGUE,"Both by myself and many other friends; But he, his own affections' counsellor, Is to himself—I will not say how true— Bu",he,ROMEO,"Both by myself and many other friends; But ROMEO, his own affections' counsellor, Is to ROMEO—I will not say how true— B",male,relationship-graph
THE TRAGEDY OF ROMEO AND JULIET,1,1,BENVOLIO,"See, where he comes.",he,MONTAGUE,"See, where MONTAGUE comes.",male,relationship-graph
THE TRAGEDY OF ROMEO AND JULIET,1,1,ROMEO,"This is not Romeo, he's some other where.",he,MONTAGUE,"This is not Romeo, MONTAGUE's some other where.",male,relationship-graph
THE TRAGEDY OF ROMEO AND JULIET,1,1,ROMEO,"A right good markman, and she's fair I love.",she,JULIET,"A right good markman, and JULIET's fair I love.",female,relationship-graph
THE TRAGEDY OF ROMEO AND JULIET,1,1,ROMEO,"Well, in that hit you miss: she'll not be hit With Cupid's arrow, she hath Dian's wit; And in strong proof of chastity w",she,JULIET,"Well, in that hit you miss: JULIET'll not be hit With Cupid's arrow, she hath Dian's wit; And in strong proof of chastit",female,relationship-graph
THE TRAGEDY OF ROMEO AND JULIET,1,1,ROMEO,"Well, in that hit you miss: she'll not be hit With Cupid's arrow, she hath Dian's wit; And in strong proof of chastity w",she,JULIET,"Well, in that hit you miss: JULIET'll not be hit With Cupid's arrow, JULIET hath Dian's wit; And in strong proof of chas",female,relationship-graph
THE TRAGEDY OF ROMEO AND JULIET,1,1,ROMEO,"Well, in that hit you miss: she'll not be hit With Cupid's arrow, she hath Dian's wit; And in strong proof of chastity w",she,JULIET,"Well, in that hit you miss: JULIET'll not be hit With Cupid's arrow, JULIET hath Dian's wit; And in strong proof of chas",female,relationship-graph
THE TRAGEDY OF ROMEO AND JULIET,1,1,ROMEO,"She will not stay the siege of loving terms Nor bide th'encounter of assailing eyes, Nor ope her lap to saint-seducing g",She,JULIET,"JULIET will not stay the siege of loving terms Nor bide th'encounter of assailing eyes, Nor ope her lap to saint-seducin",female,relationship-graph
THE TRAGEDY OF ROMEO AND JULIET,1,1,ROMEO,"She will not stay the siege of loving terms Nor bide th'encounter of assailing eyes, Nor ope her lap to saint-seducing g",she,JULIET,"JULIET will not stay the siege of loving terms Nor bide th'encounter of assailing eyes, Nor ope her lap to saint-seducin",female,relationship-graph
THE TRAGEDY OF ROMEO AND JULIET,1,1,ROMEO,"That when she dies, with beauty dies her store.",she,JULIET,"That when JULIET dies, with beauty dies her store.",female,relationship-graph
THE TRAGEDY OF ROMEO AND JULIET,1,1,ROMEO,"She hath, and in that sparing makes huge waste; For beauty starv'd with her severity, Cuts beauty off from all posterity",She,JULIET,"JULIET hath, and in that sparing makes huge waste; For beauty starv'd with her severity, Cuts beauty off from all poster",female,relationship-graph
THE TRAGEDY OF ROMEO AND JULIET,1,1,ROMEO,"She is too fair, too wise; wisely too fair, To merit bliss by making me despair.",She,JULIET,"JULIET is too fair, too wise; wisely too fair, To merit bliss by making me despair.",female,relationship-graph
THE TRAGEDY OF ROMEO AND JULIET,1,1,ROMEO,"She hath forsworn to love, and in that vow Do I live dead, that live to tell it now.",She,JULIET,"JULIET hath forsworn to love, and in that vow Do I live dead, that live to tell it now.",female,relationship-graph
THE TRAGEDY OF ROMEO AND JULIET,1,1,ROMEO,"'Tis the way To call hers, exquisite, in question more.",hers,JULIET,"'Tis the way To call JULIET, exquisite, in question more.",female,relationship-graph
THE TRAGEDY OF ROMEO AND JULIET,1,1,ROMEO,"These happy masks that kiss fair ladies' brows, Being black, puts us in mind they hide the fair; He that is strucken bli",He,MONTAGUE,"These happy masks that kiss fair ladies' brows, Being black, puts us in mind they hide the fair; MONTAGUE that is struck",male,relationship-graph
THE TRAGEDY OF ROMEO AND JULIET,1,2,CAPULET,"My child is yet a stranger in the world, She hath not seen the change of fourteen years; Let two more summers wither in ",She,JULIET,"My child is yet a stranger in the world, JULIET hath not seen the change of fourteen years; Let two more summers wither ",female,relationship-graph
THE TRAGEDY OF ROMEO AND JULIET,1,2,CAPULET,"My child is yet a stranger in the world, She hath not seen the change of fourteen years; Let two more summers wither in ",her,JULIET,"My child is yet a stranger in the world, JULIET hath not seen the change of fourteen years; Let two more summers wither ",female,relationship-graph
THE TRAGEDY OF ROMEO AND JULIET,1,2,PARIS,Younger than she are happy mothers made.,she,JULIET,Younger than JULIET are happy mothers made.,female,relationship-graph
THE TRAGEDY OF ROMEO AND JULIET,1,2,CAPULET,"The earth hath swallowed all my hopes but she, She is the hopeful lady of my earth: But woo her, gentle Paris, get her h",she,JULIET,"The earth hath swallowed all my hopes but JULIET, She is the hopeful lady of my earth: But woo her, gentle Paris, get he",female,relationship-graph
THE TRAGEDY OF ROMEO AND JULIET,1,2,CAPULET,"The earth hath swallowed all my hopes but she, She is the hopeful lady of my earth: But woo her, gentle Paris, get her h",She,JULIET,"The earth hath swallowed all my hopes but JULIET, JULIET is the hopeful lady of my earth: But woo her, gentle Paris, get",female,relationship-graph
THE TRAGEDY OF ROMEO AND JULIET,1,2,CAPULET,"The earth hath swallowed all my hopes but she, She is the hopeful lady of my earth: But woo her, gentle Paris, get her h",her,JULIET,"The earth hath swallowed all my hopes but JULIET, JULIET is the hopeful lady of my earth: But woo JULIET, gentle Paris, ",female,relationship-graph
THE TRAGEDY OF ROMEO AND JULIET,1,2,CAPULET,"The earth hath swallowed all my hopes but she, She is the hopeful lady of my earth: But woo her, gentle Paris, get her h",she,JULIET,"The earth hath swallowed all my hopes but JULIET, JULIET is the hopeful lady of my earth: But woo JULIET, gentle Paris, ",female,relationship-graph
THE TRAGEDY OF ROMEO AND JULIET,1,2,ROMEO,He reads the letter.,He,MONTAGUE,MONTAGUE reads the letter.,male,relationship-graph
THE TRAGEDY OF ROMEO AND JULIET,1,3,LADY CAPULET,"This night you shall behold him at our feast; Read o'er the volume of young Paris' face, And find delight writ there wit",him,TYBALT,"This night you shall behold TYBALT at our feast; Read o'er the volume of young Paris' face, And find delight writ there ",male,relationship-graph
THE TRAGEDY OF ROMEO AND JULIET,1,3,LADY CAPULET,"This precious book of love, this unbound lover, To beautify him, only lacks a cover: The fish lives in the sea; and 'tis",him,TYBALT,"This precious book of love, this unbound lover, To beautify TYBALT, only lacks a cover: The fish lives in the sea; and '",male,relationship-graph
THE TRAGEDY OF ROMEO AND JULIET,1,3,LADY CAPULET,"So shall you share all that he doth possess, By having him, making yourself no less.",he,TYBALT,"So shall you share all that TYBALT doth possess, By having him, making yourself no less.",male,relationship-graph
THE TRAGEDY OF ROMEO AND JULIET,1,3,LADY CAPULET,"So shall you share all that he doth possess, By having him, making yourself no less.",him,TYBALT,"So shall you share all that TYBALT doth possess, By having TYBALT, making yourself no less.",male,relationship-graph
THE TRAGEDY OF ROMEO AND JULIET,1,4,BENVOLIO,"Come, knock and enter; and no sooner in But every man betake him to his legs.",him,MONTAGUE,"Come, knock and enter; and no sooner in But every man betake MONTAGUE to his legs.",male,relationship-graph
THE TRAGEDY OF ROMEO AND JULIET,1,4,MERCUTIO,"And in this state she gallops night by night Through lovers' brains, and then they dream of love; O'er courtiers' knees,",he,TYBALT,"And in this state she gallops night by night Through lovers' brains, and then they dream of love; O'er courtiers' knees,",male,relationship-graph
THE TRAGEDY OF ROMEO AND JULIET,1,4,MERCUTIO,"And in this state she gallops night by night Through lovers' brains, and then they dream of love; O'er courtiers' knees,",he,TYBALT,"And in this state she gallops night by night Through lovers' brains, and then they dream of love; O'er courtiers' knees,",male,relationship-graph
THE TRAGEDY OF ROMEO AND JULIET,1,4,MERCUTIO,"Sometime she driveth o'er a soldier's neck, And then dreams he of cutting foreign throats, Of breaches, ambuscados, Span",he,TYBALT,"Sometime she driveth o'er a soldier's neck, And then dreams TYBALT of cutting foreign throats, Of breaches, ambuscados, ",male,relationship-graph
THE TRAGEDY OF ROMEO AND JULIET,1,4,MERCUTIO,"Sometime she driveth o'er a soldier's neck, And then dreams he of cutting foreign throats, Of breaches, ambuscados, Span",he,TYBALT,"Sometime she driveth o'er a soldier's neck, And then dreams TYBALT of cutting foreign throats, Of breaches, ambuscados, ",male,relationship-graph
THE TRAGEDY OF ROMEO AND JULIET,1,4,ROMEO,But he that hath the steerage of my course Direct my suit.,he,MONTAGUE,But MONTAGUE that hath the steerage of my course Direct my suit.,male,relationship-graph
THE TRAGEDY OF ROMEO AND JULIET,1,5,CAPULET,"She that makes dainty, She I'll swear hath corns.",She,JULIET,"JULIET that makes dainty, She I'll swear hath corns.",female,relationship-graph
THE TRAGEDY OF ROMEO AND JULIET,1,5,CAPULET,"She that makes dainty, She I'll swear hath corns.",She,JULIET,"JULIET that makes dainty, JULIET I'll swear hath corns.",female,relationship-graph
THE TRAGEDY OF ROMEO AND JULIET,1,5,ROMEO,"O, she doth teach the torches to burn bright!",she,JULIET,"O, JULIET doth teach the torches to burn bright!",female,relationship-graph
THE TRAGEDY OF ROMEO AND JULIET,1,5,ROMEO,"It seems she hangs upon the cheek of night As a rich jewel in an Ethiop's ear; Beauty too rich for use, for earth too de",she,JULIET,"It seems JULIET hangs upon the cheek of night As a rich jewel in an Ethiop's ear; Beauty too rich for use, for earth too",female,relationship-graph
THE TRAGEDY OF ROMEO AND JULIET,1,5,TYBALT,"Now by the stock and honour of my kin, To strike him dead I hold it not a sin.",him,LADY CAPULET,"Now by the stock and honour of my kin, To strike LADY CAPULET dead I hold it not a sin.",male,relationship-graph
THE TRAGEDY OF ROMEO AND JULIET,1,5,TYBALT,"'Tis he, that villain Romeo.",he,LADY CAPULET,"'Tis LADY CAPULET, that villain Romeo.",male,relationship-graph
THE TRAGEDY OF ROMEO AND JULIET,1,5,CAPULET,"Content thee, gentle coz, let him alone, A bears him like a portly gentleman; And, to say truth, Verona brags of him To ",him,MONTAGUE,"Content thee, gentle coz, let MONTAGUE alone, A bears him like a portly gentleman; And, to say truth, Verona brags of hi",male,relationship-graph
THE TRAGEDY OF ROMEO AND JULIET,1,5,CAPULET,"Content thee, gentle coz, let him alone, A bears him like a portly gentleman; And, to say truth, Verona brags of him To ",him,MONTAGUE,"Content thee, gentle coz, let MONTAGUE alone, A bears MONTAGUE like a portly gentleman; And, to say truth, Verona brags ",male,relationship-graph
THE TRAGEDY OF ROMEO AND JULIET,1,5,CAPULET,"Content thee, gentle coz, let him alone, A bears him like a portly gentleman; And, to say truth, Verona brags of him To ",him,MONTAGUE,"Content thee, gentle coz, let MONTAGUE alone, A bears MONTAGUE like a portly gentleman; And, to say truth, Verona brags ",male,relationship-graph
THE TRAGEDY OF ROMEO AND JULIET,1,5,CAPULET,I would not for the wealth of all the town Here in my house do him disparagement.,him,MONTAGUE,I would not for the wealth of all the town Here in my house do MONTAGUE disparagement.,male,relationship-graph
THE TRAGEDY OF ROMEO AND JULIET,1,5,CAPULET,"Therefore be patient, take no note of him, It is my will; the which if thou respect, Show a fair presence and put off th",him,MONTAGUE,"Therefore be patient, take no note of MONTAGUE, It is my will; the which if thou respect, Show a fair presence and put o",male,relationship-graph
THE TRAGEDY OF ROMEO AND JULIET,1,5,TYBALT,It fits when such a villain is a guest: I'll not endure him.,him,LADY CAPULET,It fits when such a villain is a guest: I'll not endure LADY CAPULET.,male,relationship-graph
THE TRAGEDY OF ROMEO AND JULIET,1,5,CAPULET,He shall be endur'd.,He,MONTAGUE,MONTAGUE shall be endur'd.,male,relationship-graph
THE TRAGEDY OF ROMEO AND JULIET,1,5,CAPULET,"I say he shall, go to; Am I the master here, or you?",he,MONTAGUE,"I say MONTAGUE shall, go to; Am I the master here, or you?",male,relationship-graph
THE TRAGEDY OF ROMEO AND JULIET,1,5,CAPULET,You'll not endure him!,him,MONTAGUE,You'll not endure MONTAGUE!,male,relationship-graph
THE TRAGEDY OF ROMEO AND JULIET,1,5,ROMEO,Kissing her.,her,JULIET,Kissing JULIET.,female,relationship-graph
THE TRAGEDY OF ROMEO AND JULIET,1,5,ROMEO,Is she a Capulet?,she,JULIET,Is JULIET a Capulet?,female,relationship-graph
THE TRAGEDY OF ROMEO AND JULIET,1,5,JULIET,What's he that now is going out of door?,he,ROMEO,What's ROMEO that now is going out of door?,male,relationship-graph
THE TRAGEDY OF ROMEO AND JULIET,1,5,JULIET,"What's he that follows here, that would not dance?",he,ROMEO,"What's ROMEO that follows here, that would not dance?",male,relationship-graph
THE TRAGEDY OF ROMEO AND JULIET,1,5,JULIET,"If he be married, My grave is like to be my wedding bed.",he,ROMEO,"If ROMEO be married, My grave is like to be my wedding bed.",male,relationship-graph
THE TRAGEDY OF ROMEO AND JULIET,2,1,ROMEO,He climbs the wall and leaps down within it.,He,MONTAGUE,MONTAGUE climbs the wall and leaps down within it.,male,relationship-graph
THE TRAGEDY OF ROMEO AND JULIET,2,1,MERCUTIO,"He is wise, And on my life hath stol'n him home to bed.",He,TYBALT,"TYBALT is wise, And on my life hath stol'n him home to bed.",male,relationship-graph
THE TRAGEDY OF ROMEO AND JULIET,2,1,MERCUTIO,"He is wise, And on my life hath stol'n him home to bed.",him,TYBALT,"TYBALT is wise, And on my life hath stol'n TYBALT home to bed.",male,relationship-graph
THE TRAGEDY OF ROMEO AND JULIET,2,1,BENVOLIO,"He ran this way, and leap'd this orchard wall: Call, good Mercutio.",He,MONTAGUE,"MONTAGUE ran this way, and leap'd this orchard wall: Call, good Mercutio.",male,relationship-graph
THE TRAGEDY OF ROMEO AND JULIET,2,1,MERCUTIO,"Pronounce but Love and dove; Speak to my gossip Venus one fair word, One nickname for her purblind son and heir, Young A",he,TYBALT,"Pronounce but Love and dove; Speak to my gossip Venus one fair word, One nickname for her purblind son and heir, Young A",male,relationship-graph
THE TRAGEDY OF ROMEO AND JULIET,2,1,MERCUTIO,"He heareth not, he stirreth not, he moveth not; The ape is dead, and I must conjure him.",He,TYBALT,"TYBALT heareth not, he stirreth not, he moveth not; The ape is dead, and I must conjure him.",male,relationship-graph
THE TRAGEDY OF ROMEO AND JULIET,2,1,MERCUTIO,"He heareth not, he stirreth not, he moveth not; The ape is dead, and I must conjure him.",he,TYBALT,"TYBALT heareth not, TYBALT stirreth not, he moveth not; The ape is dead, and I must conjure him.",male,relationship-graph
THE TRAGEDY OF ROMEO AND JULIET,2,1,MERCUTIO,"He heareth not, he stirreth not, he moveth not; The ape is dead, and I must conjure him.",he,TYBALT,"TYBALT heareth not, TYBALT stirreth not, TYBALT moveth not; The ape is dead, and I must conjure him.",male,relationship-graph
THE TRAGEDY OF ROMEO AND JULIET,2,1,MERCUTIO,"He heareth not, he stirreth not, he moveth not; The ape is dead, and I must conjure him.",him,TYBALT,"TYBALT heareth not, TYBALT stirreth not, TYBALT moveth not; The ape is dead, and I must conjure TYBALT.",male,relationship-graph
THE TRAGEDY OF ROMEO AND JULIET,2,1,BENVOLIO,"An if he hear thee, thou wilt anger him.",he,MONTAGUE,"An if MONTAGUE hear thee, thou wilt anger him.",male,relationship-graph
THE TRAGEDY OF ROMEO AND JULIET,2,1,BENVOLIO,"An if he hear thee, thou wilt anger him.",him,MONTAGUE,"An if MONTAGUE hear thee, thou wilt anger MONTAGUE.",male,relationship-graph
THE TRAGEDY OF ROMEO AND JULIET,2,1,MERCUTIO,"This cannot anger him. 'Twould anger him To raise a spirit in his mistress' circle, Of some strange nature, letting it t",him,TYBALT,"This cannot anger TYBALT. 'Twould anger him To raise a spirit in his mistress' circle, Of some strange nature, letting i",male,relationship-graph
THE TRAGEDY OF ROMEO AND JULIET,2,1,MERCUTIO,"This cannot anger him. 'Twould anger him To raise a spirit in his mistress' circle, Of some strange nature, letting it t",him,TYBALT,"This cannot anger TYBALT. 'Twould anger TYBALT To raise a spirit in his mistress' circle, Of some strange nature, lettin",male,relationship-graph
THE TRAGEDY OF ROMEO AND JULIET,2,1,MERCUTIO,"My invocation Is fair and honest, and, in his mistress' name, I conjure only but to raise up him.",him,TYBALT,"My invocation Is fair and honest, and, in his mistress' name, I conjure only but to raise up TYBALT.",male,relationship-graph
THE TRAGEDY OF ROMEO AND JULIET,2,1,BENVOLIO,"Come, he hath hid himself among these trees To be consorted with the humorous night.",he,MONTAGUE,"Come, MONTAGUE hath hid himself among these trees To be consorted with the humorous night.",male,relationship-graph
THE TRAGEDY OF ROMEO AND JULIET,2,1,BENVOLIO,"Come, he hath hid himself among these trees To be consorted with the humorous night.",himself,MONTAGUE,"Come, MONTAGUE hath hid MONTAGUE among these trees To be consorted with the humorous night.",male,relationship-graph
THE TRAGEDY OF ROMEO AND JULIET,2,1,MERCUTIO,"Now will he sit under a medlar tree, And wish his mistress were that kind of fruit As maids call medlars when they laugh",he,TYBALT,"Now will TYBALT sit under a medlar tree, And wish his mistress were that kind of fruit As maids call medlars when they l",male,relationship-graph
THE TRAGEDY OF ROMEO AND JULIET,2,1,BENVOLIO,Go then; for 'tis in vain To seek him here that means not to be found.,him,MONTAGUE,Go then; for 'tis in vain To seek MONTAGUE here that means not to be found.,male,relationship-graph
THE TRAGEDY OF ROMEO AND JULIET,2,2,ROMEO,He jests at scars that never felt a wound.,He,MONTAGUE,MONTAGUE jests at scars that never felt a wound.,male,relationship-graph
THE TRAGEDY OF ROMEO AND JULIET,2,2,ROMEO,"Arise fair sun and kill the envious moon, Who is already sick and pale with grief, That thou her maid art far more fair ",she,JULIET,"Arise fair sun and kill the envious moon, Who is already sick and pale with grief, That thou her maid art far more fair ",female,relationship-graph
THE TRAGEDY OF ROMEO AND JULIET,2,2,ROMEO,"Be not her maid since she is envious; Her vestal livery is but sick and green, And none but fools do wear it; cast it of",she,JULIET,"Be not her maid since JULIET is envious; Her vestal livery is but sick and green, And none but fools do wear it; cast it",female,relationship-graph
THE TRAGEDY OF ROMEO AND JULIET,2,2,ROMEO,"O, that she knew she were!",she,JULIET,"O, that JULIET knew she were!",female,relationship-graph
THE TRAGEDY OF ROMEO AND JULIET,2,2,ROMEO,"O, that she knew she were!",she,JULIET,"O, that JULIET knew JULIET were!",female,relationship-graph
THE TRAGEDY OF ROMEO AND JULIET,2,2,ROMEO,"She speaks, yet she says nothing.",She,JULIET,"JULIET speaks, yet she says nothing.",female,relationship-graph
THE TRAGEDY OF ROMEO AND JULIET,2,2,ROMEO,"She speaks, yet she says nothing.",she,JULIET,"JULIET speaks, yet JULIET says nothing.",female,relationship-graph
THE TRAGEDY OF ROMEO AND JULIET,2,2,ROMEO,"I am too bold, 'tis not to me she speaks.",she,JULIET,"I am too bold, 'tis not to me JULIET speaks.",female,relationship-graph
THE TRAGEDY OF ROMEO AND JULIET,2,2,ROMEO,See how she leans her cheek upon her hand.,she,JULIET,See how JULIET leans her cheek upon her hand.,female,relationship-graph
THE TRAGEDY OF ROMEO AND JULIET,2,2,ROMEO,She speaks.,She,JULIET,JULIET speaks.,female,relationship-graph
THE TRAGEDY OF ROMEO AND JULIET,2,2,ROMEO,"As glorious to this night, being o'er my head, As is a winged messenger of heaven Unto the white-upturned wondering eyes",him,MONTAGUE,"As glorious to this night, being o'er my head, As is a winged messenger of heaven Unto the white-upturned wondering eyes",male,relationship-graph
THE TRAGEDY OF ROMEO AND JULIET,2,2,ROMEO,"As glorious to this night, being o'er my head, As is a winged messenger of heaven Unto the white-upturned wondering eyes",he,MONTAGUE,"As glorious to this night, being o'er my head, As is a winged messenger of heaven Unto the white-upturned wondering eyes",male,relationship-graph
THE TRAGEDY OF ROMEO AND JULIET,2,2,JULIET,"That which we call a rose By any other name would smell as sweet; So Romeo would, were he not Romeo call'd, Retain that ",he,ROMEO,"That which we call a rose By any other name would smell as sweet; So Romeo would, were ROMEO not Romeo call'd, Retain th",male,relationship-graph
THE TRAGEDY OF ROMEO AND JULIET,2,2,JULIET,"That which we call a rose By any other name would smell as sweet; So Romeo would, were he not Romeo call'd, Retain that ",he,ROMEO,"That which we call a rose By any other name would smell as sweet; So Romeo would, were ROMEO not Romeo call'd, Retain th",male,relationship-graph
THE TRAGEDY OF ROMEO AND JULIET,2,2,ROMEO,"By love, that first did prompt me to enquire; He lent me counsel, and I lent him eyes.",He,MONTAGUE,"By love, that first did prompt me to enquire; MONTAGUE lent me counsel, and I lent him eyes.",male,relationship-graph
THE TRAGEDY OF ROMEO AND JULIET,2,2,ROMEO,"By love, that first did prompt me to enquire; He lent me counsel, and I lent him eyes.",him,MONTAGUE,"By love, that first did prompt me to enquire; MONTAGUE lent me counsel, and I lent MONTAGUE eyes.",male,relationship-graph
THE TRAGEDY OF ROMEO AND JULIET,2,3,ROMEO,"As mine on hers, so hers is set on mine; And all combin'd, save what thou must combine By holy marriage.",hers,JULIET,"As mine on JULIET, so hers is set on mine; And all combin'd, save what thou must combine By holy marriage.",female,relationship-graph
THE TRAGEDY OF ROMEO AND JULIET,2,3,ROMEO,"As mine on hers, so hers is set on mine; And all combin'd, save what thou must combine By holy marriage.",hers,JULIET,"As mine on JULIET, so JULIET is set on mine; And all combin'd, save what thou must combine By holy marriage.",female,relationship-graph
THE TRAGEDY OF ROMEO AND JULIET,2,3,ROMEO,"I pray thee chide me not, her I love now Doth grace for grace and love for love allow.",her,JULIET,"I pray thee chide me not, JULIET I love now Doth grace for grace and love for love allow.",female,relationship-graph
THE TRAGEDY OF ROMEO AND JULIET,2,4,MERCUTIO,Came he not home tonight?,he,TYBALT,Came TYBALT not home tonight?,male,relationship-graph
THE TRAGEDY OF ROMEO AND JULIET,2,4,MERCUTIO,"Why, that same pale hard-hearted wench, that Rosaline, torments him so that he will sure run mad.",him,TYBALT,"Why, that same pale hard-hearted wench, that Rosaline, torments TYBALT so that he will sure run mad.",male,relationship-graph
THE TRAGEDY OF ROMEO AND JULIET,2,4,MERCUTIO,"Why, that same pale hard-hearted wench, that Rosaline, torments him so that he will sure run mad.",he,TYBALT,"Why, that same pale hard-hearted wench, that Rosaline, torments TYBALT so that TYBALT will sure run mad.",male,relationship-graph
THE TRAGEDY OF ROMEO AND JULIET,2,4,BENVOLIO,"Nay, he will answer the letter's master, how he dares, being dared.",he,MONTAGUE,"Nay, MONTAGUE will answer the letter's master, how he dares, being dared.",male,relationship-graph
THE TRAGEDY OF ROMEO AND JULIET,2,4,BENVOLIO,"Nay, he will answer the letter's master, how he dares, being dared.",he,MONTAGUE,"Nay, MONTAGUE will answer the letter's master, how MONTAGUE dares, being dared.",male,relationship-graph
THE TRAGEDY OF ROMEO AND JULIET,2,4,MERCUTIO,"Alas poor Romeo, he is already dead, stabbed with a white wench's black eye; run through the ear with a love song, the v",he,TYBALT,"Alas poor Romeo, TYBALT is already dead, stabbed with a white wench's black eye; run through the ear with a love song, t",male,relationship-graph
THE TRAGEDY OF ROMEO AND JULIET,2,4,MERCUTIO,And is he a man to encounter Tybalt?,he,TYBALT,And is TYBALT a man to encounter Tybalt?,male,relationship-graph
THE TRAGEDY OF ROMEO AND JULIET,2,4,MERCUTIO,"O, he's the courageous captain of compliments.",he,TYBALT,"O, TYBALT's the courageous captain of compliments.",male,relationship-graph
THE TRAGEDY OF ROMEO AND JULIET,2,4,MERCUTIO,"He fights as you sing prick-song, keeps time, distance, and proportion.",He,TYBALT,"TYBALT fights as you sing prick-song, keeps time, distance, and proportion.",male,relationship-graph
THE TRAGEDY OF ROMEO AND JULIET,2,4,MERCUTIO,"He rests his minim rest, one, two, and the third in your bosom: the very butcher of a silk button, a duellist, a duellis",He,TYBALT,"TYBALT rests his minim rest, one, two, and the third in your bosom: the very butcher of a silk button, a duellist, a due",male,relationship-graph
THE TRAGEDY OF ROMEO AND JULIET,2,4,MERCUTIO,Now is he for the numbers that Petrarch flowed in.,he,TYBALT,Now is TYBALT for the numbers that Petrarch flowed in.,male,relationship-graph
THE TRAGEDY OF ROMEO AND JULIET,2,4,ROMEO,"One, gentlewoman, that God hath made for himself to mar.",himself,MONTAGUE,"One, gentlewoman, that God hath made for MONTAGUE to mar.",male,relationship-graph
THE TRAGEDY OF ROMEO AND JULIET,2,4,ROMEO,I can tell you: but young Romeo will be older when you have found him than he was when you sought him.,him,MONTAGUE,I can tell you: but young Romeo will be older when you have found MONTAGUE than he was when you sought him.,male,relationship-graph
THE TRAGEDY OF ROMEO AND JULIET,2,4,ROMEO,I can tell you: but young Romeo will be older when you have found him than he was when you sought him.,he,MONTAGUE,I can tell you: but young Romeo will be older when you have found MONTAGUE than MONTAGUE was when you sought him.,male,relationship-graph
THE TRAGEDY OF ROMEO AND JULIET,2,4,ROMEO,I can tell you: but young Romeo will be older when you have found him than he was when you sought him.,him,MONTAGUE,I can tell you: but young Romeo will be older when you have found MONTAGUE than MONTAGUE was when you sought MONTAGUE.,male,relationship-graph
THE TRAGEDY OF ROMEO AND JULIET,2,4,BENVOLIO,She will endite him to some supper.,him,MONTAGUE,She will endite MONTAGUE to some supper.,male,relationship-graph
THE TRAGEDY OF ROMEO AND JULIET,2,4,ROMEO,"A gentleman, Nurse, that loves to hear himself talk, and will speak more in a minute than he will stand to in a month.",himself,MONTAGUE,"A gentleman, Nurse, that loves to hear MONTAGUE talk, and will speak more in a minute than he will stand to in a month.",male,relationship-graph
THE TRAGEDY OF ROMEO AND JULIET,2,4,ROMEO,"A gentleman, Nurse, that loves to hear himself talk, and will speak more in a minute than he will stand to in a month.",he,MONTAGUE,"A gentleman, Nurse, that loves to hear MONTAGUE talk, and will speak more in a minute than MONTAGUE will stand to in a m",male,relationship-graph
THE TRAGEDY OF ROMEO AND JULIET,2,4,ROMEO,"What wilt thou tell her, Nurse?",her,JULIET,"What wilt thou tell JULIET, Nurse?",female,relationship-graph
THE TRAGEDY OF ROMEO AND JULIET,2,4,ROMEO,"Bid her devise Some means to come to shrift this afternoon, And there she shall at Friar Lawrence' cell Be shriv'd and m",her,JULIET,"Bid JULIET devise Some means to come to shrift this afternoon, And there she shall at Friar Lawrence' cell Be shriv'd an",female,relationship-graph
THE TRAGEDY OF ROMEO AND JULIET,2,4,ROMEO,"Bid her devise Some means to come to shrift this afternoon, And there she shall at Friar Lawrence' cell Be shriv'd and m",she,JULIET,"Bid JULIET devise Some means to come to shrift this afternoon, And there JULIET shall at Friar Lawrence' cell Be shriv'd",female,relationship-graph
THE TRAGEDY OF ROMEO AND JULIET,2,5,JULIET,Perchance she cannot meet him.,him,ROMEO,Perchance she cannot meet ROMEO.,male,relationship-graph
THE TRAGEDY OF ROMEO AND JULIET,2,5,JULIET,Hast thou met with him?,him,ROMEO,Hast thou met with ROMEO?,male,relationship-graph
THE TRAGEDY OF ROMEO AND JULIET,2,5,JULIET,What says he of our marriage?,he,ROMEO,What says ROMEO of our marriage?,male,relationship-graph
THE TRAGEDY OF ROMEO AND JULIET,2,6,ROMEO,"Do thou but close our hands with holy words, Then love-devouring death do what he dare, It is enough I may but call her ",he,MONTAGUE,"Do thou but close our hands with holy words, Then love-devouring death do what MONTAGUE dare, It is enough I may but cal",male,relationship-graph
THE TRAGEDY OF ROMEO AND JULIET,2,6,ROMEO,"Do thou but close our hands with holy words, Then love-devouring death do what he dare, It is enough I may but call her ",her,JULIET,"Do thou but close our hands with holy words, Then love-devouring death do what MONTAGUE dare, It is enough I may but cal",female,relationship-graph
THE TRAGEDY OF ROMEO AND JULIET,2,6,JULIET,"As much to him, else is his thanks too much.",him,ROMEO,"As much to ROMEO, else is his thanks too much.",male,relationship-graph
THE TRAGEDY OF ROMEO AND JULIET,3,1,MERCUTIO,"Thou art like one of these fellows that, when he enters the confines of a tavern, claps me his sword upon the table, and",he,TYBALT,"Thou art like one of these fellows that, when TYBALT enters the confines of a tavern, claps me his sword upon the table,",male,relationship-graph
THE TRAGEDY OF ROMEO AND JULIET,3,1,MERCUTIO,"and by the operation of the second cup draws him on the drawer, when indeed there is no need.",him,TYBALT,"and by the operation of the second cup draws TYBALT on the drawer, when indeed there is no need.",male,relationship-graph
THE TRAGEDY OF ROMEO AND JULIET,3,1,MERCUTIO,"Thou hast quarrelled with a man for coughing in the street, because he hath wakened thy dog that hath lain asleep in the",he,TYBALT,"Thou hast quarrelled with a man for coughing in the street, because TYBALT hath wakened thy dog that hath lain asleep in",male,relationship-graph
THE TRAGEDY OF ROMEO AND JULIET,3,1,MERCUTIO,"But I'll be hanged, sir, if he wear your livery.",he,TYBALT,"But I'll be hanged, sir, if TYBALT wear your livery.",male,relationship-graph
THE TRAGEDY OF ROMEO AND JULIET,3,1,MERCUTIO,"Marry, go before to field, he'll be your follower; Your worship in that sense may call him man.",he,TYBALT,"Marry, go before to field, TYBALT'll be your follower; Your worship in that sense may call him man.",male,relationship-graph
THE TRAGEDY OF ROMEO AND JULIET,3,1,MERCUTIO,"Marry, go before to field, he'll be your follower; Your worship in that sense may call him man.",him,TYBALT,"Marry, go before to field, TYBALT'll be your follower; Your worship in that sense may call TYBALT man.",male,relationship-graph
THE TRAGEDY OF ROMEO AND JULIET,3,1,MERCUTIO,"Is he gone, and hath nothing?",he,TYBALT,"Is TYBALT gone, and hath nothing?",male,relationship-graph
THE TRAGEDY OF ROMEO AND JULIET,3,1,ROMEO,"Now, Tybalt, take the 'villain' back again That late thou gav'st me, for Mercutio's soul Is but a little way above our h",him,MONTAGUE,"Now, Tybalt, take the 'villain' back again That late thou gav'st me, for Mercutio's soul Is but a little way above our h",male,relationship-graph
THE TRAGEDY OF ROMEO AND JULIET,3,1,ROMEO,"Either thou or I, or both, must go with him.",him,MONTAGUE,"Either thou or I, or both, must go with MONTAGUE.",male,relationship-graph
THE TRAGEDY OF ROMEO AND JULIET,3,1,TYBALT,"Thou wretched boy, that didst consort him here, Shalt with him hence.",him,LADY CAPULET,"Thou wretched boy, that didst consort LADY CAPULET here, Shalt with him hence.",male,relationship-graph
THE TRAGEDY OF ROMEO AND JULIET,3,1,TYBALT,"Thou wretched boy, that didst consort him here, Shalt with him hence.",him,LADY CAPULET,"Thou wretched boy, that didst consort LADY CAPULET here, Shalt with LADY CAPULET hence.",male,relationship-graph
THE TRAGEDY OF ROMEO AND JULIET,3,1,BENVOLIO,"Tybalt, here slain, whom Romeo's hand did slay; Romeo, that spoke him fair, bid him bethink How nice the quarrel was, an",him,MONTAGUE,"Tybalt, here slain, whom Romeo's hand did slay; Romeo, that spoke MONTAGUE fair, bid him bethink How nice the quarrel wa",male,relationship-graph
THE TRAGEDY OF ROMEO AND JULIET,3,1,BENVOLIO,"Tybalt, here slain, whom Romeo's hand did slay; Romeo, that spoke him fair, bid him bethink How nice the quarrel was, an",him,MONTAGUE,"Tybalt, here slain, whom Romeo's hand did slay; Romeo, that spoke MONTAGUE fair, bid MONTAGUE bethink How nice the quarr",male,relationship-graph
THE TRAGEDY OF ROMEO AND JULIET,3,1,BENVOLIO,"All this uttered With gentle breath, calm look, knees humbly bow'd Could not take truce with the unruly spleen Of Tybalt",he,MONTAGUE,"All this uttered With gentle breath, calm look, knees humbly bow'd Could not take truce with the unruly spleen Of Tybalt",male,relationship-graph
THE TRAGEDY OF ROMEO AND JULIET,3,1,BENVOLIO,"Romeo he cries aloud, 'Hold, friends!",he,MONTAGUE,"Romeo MONTAGUE cries aloud, 'Hold, friends!",male,relationship-graph
THE TRAGEDY OF ROMEO AND JULIET,3,1,BENVOLIO,"But by and by comes back to Romeo, Who had but newly entertain'd revenge, And to't they go like lightning; for, ere I Co",he,MONTAGUE,"But by and by comes back to Romeo, Who had but newly entertain'd revenge, And to't they go like lightning; for, ere I Co",male,relationship-graph
THE TRAGEDY OF ROMEO AND JULIET,3,1,LADY CAPULET,He is a kinsman to the Montague.,He,TYBALT,TYBALT is a kinsman to the Montague.,male,relationship-graph
THE TRAGEDY OF ROMEO AND JULIET,3,1,LADY CAPULET,"Affection makes him false, he speaks not true.",him,TYBALT,"Affection makes TYBALT false, he speaks not true.",male,relationship-graph
THE TRAGEDY OF ROMEO AND JULIET,3,1,LADY CAPULET,"Affection makes him false, he speaks not true.",he,TYBALT,"Affection makes TYBALT false, TYBALT speaks not true.",male,relationship-graph
THE TRAGEDY OF ROMEO AND JULIET,3,1,MONTAGUE,"Not Romeo, Prince, he was Mercutio's friend; His fault concludes but what the law should end, The life of Tybalt.",he,ROMEO,"Not Romeo, Prince, ROMEO was Mercutio's friend; His fault concludes but what the law should end, The life of Tybalt.",male,relationship-graph
THE TRAGEDY OF ROMEO AND JULIET,3,2,JULIET,"Come gentle night, come loving black-brow'd night, Give me my Romeo, and when I shall die, Take him and cut him out in l",him,ROMEO,"Come gentle night, come loving black-brow'd night, Give me my Romeo, and when I shall die, Take ROMEO and cut him out in",male,relationship-graph
THE TRAGEDY OF ROMEO AND JULIET,3,2,JULIET,"Come gentle night, come loving black-brow'd night, Give me my Romeo, and when I shall die, Take him and cut him out in l",him,ROMEO,"Come gentle night, come loving black-brow'd night, Give me my Romeo, and when I shall die, Take ROMEO and cut ROMEO out ",male,relationship-graph
THE TRAGEDY OF ROMEO AND JULIET,3,2,JULIET,"Come gentle night, come loving black-brow'd night, Give me my Romeo, and when I shall die, Take him and cut him out in l",he,ROMEO,"Come gentle night, come loving black-brow'd night, Give me my Romeo, and when I shall die, Take ROMEO and cut ROMEO out ",male,relationship-graph
THE TRAGEDY OF ROMEO AND JULIET,3,2,JULIET,Hath Romeo slain himself?,himself,ROMEO,Hath Romeo slain ROMEO?,male,relationship-graph
THE TRAGEDY OF ROMEO AND JULIET,3,2,JULIET,"If he be slain, say Ay; or if not, No.",he,ROMEO,"If ROMEO be slain, say Ay; or if not, No.",male,relationship-graph
THE TRAGEDY OF ROMEO AND JULIET,3,2,NURSE,"Tybalt is gone, and Romeo banished, Romeo that kill'd him, he is banished.",him,TYBALT,"Tybalt is gone, and Romeo banished, Romeo that kill'd TYBALT, he is banished.",male,intra-utterance
THE TRAGEDY OF ROMEO AND JULIET,3,2,NURSE,"Tybalt is gone, and Romeo banished, Romeo that kill'd him, he is banished.",he,TYBALT,"Tybalt is gone, and Romeo banished, Romeo that kill'd TYBALT, TYBALT is banished.",male,intra-utterance
THE TRAGEDY OF ROMEO AND JULIET,3,2,JULIET,He was not born to shame.,He,ROMEO,ROMEO was not born to shame.,male,relationship-graph
THE TRAGEDY OF ROMEO AND JULIET,3,2,JULIET,"O, what a beast was I to chide at him!",him,ROMEO,"O, what a beast was I to chide at ROMEO!",male,relationship-graph
THE TRAGEDY OF ROMEO AND JULIET,3,2,JULIET,Shall I speak ill of him that is my husband?,him,ROMEO,Shall I speak ill of ROMEO that is my husband?,male,relationship-graph
THE TRAGEDY OF ROMEO AND JULIET,3,2,JULIET,"He made you for a highway to my bed, But I, a maid, die maiden-widowed.",He,ROMEO,"ROMEO made you for a highway to my bed, But I, a maid, die maiden-widowed.",male,relationship-graph
THE TRAGEDY OF ROMEO AND JULIET,3,2,JULIET,"O find him, give this ring to my true knight, And bid him come to take his last farewell.",him,ROMEO,"O find ROMEO, give this ring to my true knight, And bid him come to take his last farewell.",male,relationship-graph
THE TRAGEDY OF ROMEO AND JULIET,3,2,JULIET,"O find him, give this ring to my true knight, And bid him come to take his last farewell.",him,ROMEO,"O find ROMEO, give this ring to my true knight, And bid ROMEO come to take his last farewell.",male,relationship-graph
THE TRAGEDY OF ROMEO AND JULIET,3,3,ROMEO,"Heaven is here Where Juliet lives, and every cat and dog, And little mouse, every unworthy thing, Live here in heaven an",her,JULIET,"Heaven is here Where Juliet lives, and every cat and dog, And little mouse, every unworthy thing, Live here in heaven an",female,relationship-graph
THE TRAGEDY OF ROMEO AND JULIET,3,3,ROMEO,"But Romeo may not, he is banished.",he,MONTAGUE,"But Romeo may not, MONTAGUE is banished.",male,relationship-graph
THE TRAGEDY OF ROMEO AND JULIET,3,3,ROMEO,How is it with her?,her,JULIET,How is it with JULIET?,female,relationship-graph
THE TRAGEDY OF ROMEO AND JULIET,3,3,ROMEO,"Doth not she think me an old murderer, Now I have stain'd the childhood of our joy With blood remov'd but little from he",she,JULIET,"Doth not JULIET think me an old murderer, Now I have stain'd the childhood of our joy With blood remov'd but little from",female,relationship-graph
THE TRAGEDY OF ROMEO AND JULIET,3,3,ROMEO,Where is she?,she,JULIET,Where is JULIET?,female,relationship-graph
THE TRAGEDY OF ROMEO AND JULIET,3,3,ROMEO,And how doth she?,she,JULIET,And how doth JULIET?,female,relationship-graph
THE TRAGEDY OF ROMEO AND JULIET,3,3,ROMEO,"As if that name, Shot from the deadly level of a gun, Did murder her, as that name's cursed hand Murder'd her kinsman.",her,JULIET,"As if that name, Shot from the deadly level of a gun, Did murder JULIET, as that name's cursed hand Murder'd her kinsman",female,relationship-graph
THE TRAGEDY OF ROMEO AND JULIET,3,3,FRIAR LAWRENCE,"I'll find out your man, And he shall signify from time to time Every good hap to you that chances here.",he,ROMEO,"I'll find out your man, And ROMEO shall signify from time to time Every good hap to you that chances here.",male,relationship-graph
THE TRAGEDY OF ROMEO AND JULIET,3,4,CAPULET,"Look you, she lov'd her kinsman Tybalt dearly, And so did I. Well, we were born to die.",she,JULIET,"Look you, JULIET lov'd her kinsman Tybalt dearly, And so did I. Well, we were born to die.",female,relationship-graph
THE TRAGEDY OF ROMEO AND JULIET,3,4,CAPULET,Tis very late; she'll not come down tonight.,she,JULIET,Tis very late; JULIET'll not come down tonight.,female,relationship-graph
THE TRAGEDY OF ROMEO AND JULIET,3,4,CAPULET,"I think she will be rul'd In all respects by me; nay more, I doubt it not.",she,JULIET,"I think JULIET will be rul'd In all respects by me; nay more, I doubt it not.",female,relationship-graph
THE TRAGEDY OF ROMEO AND JULIET,3,4,CAPULET,"Wife, go you to her ere you go to bed, Acquaint her here of my son Paris' love, And bid her, mark you me, on Wednesday n",her,JULIET,"Wife, go you to JULIET ere you go to bed, Acquaint her here of my son Paris' love, And bid her, mark you me, on Wednesda",female,relationship-graph
THE TRAGEDY OF ROMEO AND JULIET,3,4,CAPULET,"Wife, go you to her ere you go to bed, Acquaint her here of my son Paris' love, And bid her, mark you me, on Wednesday n",her,JULIET,"Wife, go you to JULIET ere you go to bed, Acquaint JULIET here of my son Paris' love, And bid her, mark you me, on Wedne",female,relationship-graph
THE TRAGEDY OF ROMEO AND JULIET,3,4,CAPULET,"Well, Wednesday is too soon, A Thursday let it be; a Thursday, tell her, She shall be married to this noble earl.",her,JULIET,"Well, Wednesday is too soon, A Thursday let it be; a Thursday, tell JULIET, She shall be married to this noble earl.",female,relationship-graph
THE TRAGEDY OF ROMEO AND JULIET,3,4,CAPULET,"Well, Wednesday is too soon, A Thursday let it be; a Thursday, tell her, She shall be married to this noble earl.",She,JULIET,"Well, Wednesday is too soon, A Thursday let it be; a Thursday, tell JULIET, JULIET shall be married to this noble earl.",female,relationship-graph
THE TRAGEDY OF ROMEO AND JULIET,3,4,CAPULET,"We'll keep no great ado,—a friend or two, For, hark you, Tybalt being slain so late, It may be thought we held him carel",him,MONTAGUE,"We'll keep no great ado,—a friend or two, For, hark you, Tybalt being slain so late, It may be thought we held MONTAGUE ",male,relationship-graph
THE TRAGEDY OF ROMEO AND JULIET,3,4,CAPULET,"Go you to Juliet ere you go to bed, Prepare her, wife, against this wedding day.",her,JULIET,"Go you to Juliet ere you go to bed, Prepare JULIET, wife, against this wedding day.",female,relationship-graph
THE TRAGEDY OF ROMEO AND JULIET,3,5,JULIET,"All men call thee fickle, If thou art fickle, what dost thou with him That is renown'd for faith?",him,ROMEO,"All men call thee fickle, If thou art fickle, what dost thou with ROMEO That is renown'd for faith?",male,relationship-graph
THE TRAGEDY OF ROMEO AND JULIET,3,5,JULIET,"Be fickle, Fortune; For then, I hope thou wilt not keep him long But send him back.",him,ROMEO,"Be fickle, Fortune; For then, I hope thou wilt not keep ROMEO long But send him back.",male,relationship-graph
THE TRAGEDY OF ROMEO AND JULIET,3,5,JULIET,"Be fickle, Fortune; For then, I hope thou wilt not keep him long But send him back.",him,ROMEO,"Be fickle, Fortune; For then, I hope thou wilt not keep ROMEO long But send ROMEO back.",male,relationship-graph
THE TRAGEDY OF ROMEO AND JULIET,3,5,LADY CAPULET,"What, wilt thou wash him from his grave with tears?",him,TYBALT,"What, wilt thou wash TYBALT from his grave with tears?",male,relationship-graph
THE TRAGEDY OF ROMEO AND JULIET,3,5,LADY CAPULET,"And if thou couldst, thou couldst not make him live.",him,TYBALT,"And if thou couldst, thou couldst not make TYBALT live.",male,relationship-graph
THE TRAGEDY OF ROMEO AND JULIET,3,5,LADY CAPULET,"Well, girl, thou weep'st not so much for his death As that the villain lives which slaughter'd him.",him,TYBALT,"Well, girl, thou weep'st not so much for his death As that the villain lives which slaughter'd TYBALT.",male,relationship-graph
THE TRAGEDY OF ROMEO AND JULIET,3,5,JULIET,Villain and he be many miles asunder.,he,ROMEO,Villain and ROMEO be many miles asunder.,male,relationship-graph
THE TRAGEDY OF ROMEO AND JULIET,3,5,JULIET,God pardon him.,him,ROMEO,God pardon ROMEO.,male,relationship-graph
THE TRAGEDY OF ROMEO AND JULIET,3,5,JULIET,And yet no man like he doth grieve my heart.,he,ROMEO,And yet no man like ROMEO doth grieve my heart.,male,relationship-graph
THE TRAGEDY OF ROMEO AND JULIET,3,5,LADY CAPULET,"I'll send to one in Mantua, Where that same banish'd runagate doth live, Shall give him such an unaccustom'd dram That h",him,TYBALT,"I'll send to one in Mantua, Where that same banish'd runagate doth live, Shall give TYBALT such an unaccustom'd dram Tha",male,relationship-graph
THE TRAGEDY OF ROMEO AND JULIET,3,5,LADY CAPULET,"I'll send to one in Mantua, Where that same banish'd runagate doth live, Shall give him such an unaccustom'd dram That h",he,TYBALT,"I'll send to one in Mantua, Where that same banish'd runagate doth live, Shall give TYBALT such an unaccustom'd dram Tha",male,relationship-graph
THE TRAGEDY OF ROMEO AND JULIET,3,5,JULIET,Indeed I never shall be satisfied With Romeo till I behold him—dead— Is my poor heart so for a kinsman vex'd.,him,ROMEO,Indeed I never shall be satisfied With Romeo till I behold ROMEO—dead— Is my poor heart so for a kinsman vex'd.,male,relationship-graph
THE TRAGEDY OF ROMEO AND JULIET,3,5,JULIET,"O, how my heart abhors To hear him nam'd, and cannot come to him, To wreak the love I bore my cousin Upon his body that ",him,ROMEO,"O, how my heart abhors To hear ROMEO nam'd, and cannot come to him, To wreak the love I bore my cousin Upon his body tha",male,relationship-graph
THE TRAGEDY OF ROMEO AND JULIET,3,5,JULIET,"O, how my heart abhors To hear him nam'd, and cannot come to him, To wreak the love I bore my cousin Upon his body that ",him,ROMEO,"O, how my heart abhors To hear ROMEO nam'd, and cannot come to ROMEO, To wreak the love I bore my cousin Upon his body t",male,relationship-graph
THE TRAGEDY OF ROMEO AND JULIET,3,5,JULIET,"O, how my heart abhors To hear him nam'd, and cannot come to him, To wreak the love I bore my cousin Upon his body that ",him,ROMEO,"O, how my heart abhors To hear ROMEO nam'd, and cannot come to ROMEO, To wreak the love I bore my cousin Upon his body t",male,relationship-graph
THE TRAGEDY OF ROMEO AND JULIET,3,5,JULIET,"Now by Saint Peter's Church, and Peter too, He shall not make me there a joyful bride.",He,ROMEO,"Now by Saint Peter's Church, and Peter too, ROMEO shall not make me there a joyful bride.",male,relationship-graph
THE TRAGEDY OF ROMEO AND JULIET,3,5,JULIET,Ere he that should be husband comes to woo.,he,ROMEO,Ere ROMEO that should be husband comes to woo.,male,relationship-graph
THE TRAGEDY OF ROMEO AND JULIET,3,5,LADY CAPULET,"Here comes your father, tell him so yourself, And see how he will take it at your hands.",him,TYBALT,"Here comes your father, tell TYBALT so yourself, And see how he will take it at your hands.",male,relationship-graph
THE TRAGEDY OF ROMEO AND JULIET,3,5,LADY CAPULET,"Here comes your father, tell him so yourself, And see how he will take it at your hands.",he,TYBALT,"Here comes your father, tell TYBALT so yourself, And see how TYBALT will take it at your hands.",male,relationship-graph
THE TRAGEDY OF ROMEO AND JULIET,3,5,CAPULET,"How, will she none?",she,JULIET,"How, will JULIET none?",female,relationship-graph
THE TRAGEDY OF ROMEO AND JULIET,3,5,CAPULET,Doth she not give us thanks?,she,JULIET,Doth JULIET not give us thanks?,female,relationship-graph
THE TRAGEDY OF ROMEO AND JULIET,3,5,CAPULET,Is she not proud?,she,JULIET,Is JULIET not proud?,female,relationship-graph
THE TRAGEDY OF ROMEO AND JULIET,3,5,CAPULET,"Doth she not count her blest, Unworthy as she is, that we have wrought So worthy a gentleman to be her bridegroom?",she,JULIET,"Doth JULIET not count her blest, Unworthy as she is, that we have wrought So worthy a gentleman to be her bridegroom?",female,relationship-graph
THE TRAGEDY OF ROMEO AND JULIET,3,5,CAPULET,"Doth she not count her blest, Unworthy as she is, that we have wrought So worthy a gentleman to be her bridegroom?",she,JULIET,"Doth JULIET not count her blest, Unworthy as JULIET is, that we have wrought So worthy a gentleman to be her bridegroom?",female,relationship-graph
THE TRAGEDY OF ROMEO AND JULIET,3,5,CAPULET,"But now I see this one is one too much, And that we have a curse in having her.",her,JULIET,"But now I see this one is one too much, And that we have a curse in having JULIET.",female,relationship-graph
THE TRAGEDY OF ROMEO AND JULIET,3,5,CAPULET,"Out on her, hilding.",her,JULIET,"Out on JULIET, hilding.",female,relationship-graph
THE TRAGEDY OF ROMEO AND JULIET,3,5,NURSE,Romeo is banished; and all the world to nothing That he dares ne'er come back to challenge you.,he,ROMEO,Romeo is banished; and all the world to nothing That ROMEO dares ne'er come back to challenge you.,male,intra-utterance
THE TRAGEDY OF ROMEO AND JULIET,3,5,NURSE,"Or if he do, it needs must be by stealth.",he,ROMEO,"Or if ROMEO do, it needs must be by stealth.",male,intra-utterance
THE TRAGEDY OF ROMEO AND JULIET,3,5,NURSE,"O, he's a lovely gentleman.",he,ROMEO,"O, ROMEO's a lovely gentleman.",male,intra-utterance
THE TRAGEDY OF ROMEO AND JULIET,3,5,NURSE,Romeo's a dishclout to him.,him,ROMEO,Romeo's a dishclout to ROMEO.,male,intra-utterance
THE TRAGEDY OF ROMEO AND JULIET,3,5,NURSE,"Beshrew my very heart, I think you are happy in this second match, For it excels your first: or if it did not, Your firs",he,ROMEO,"Beshrew my very heart, I think you are happy in this second match, For it excels your first: or if it did not, Your firs",male,intra-utterance
THE TRAGEDY OF ROMEO AND JULIET,3,5,NURSE,"Beshrew my very heart, I think you are happy in this second match, For it excels your first: or if it did not, Your firs",him,ROMEO,"Beshrew my very heart, I think you are happy in this second match, For it excels your first: or if it did not, Your firs",male,intra-utterance
THE TRAGEDY OF ROMEO AND JULIET,3,5,JULIET,"Is it more sin to wish me thus forsworn, Or to dispraise my lord with that same tongue Which she hath prais'd him with a",him,ROMEO,"Is it more sin to wish me thus forsworn, Or to dispraise my lord with that same tongue Which she hath prais'd ROMEO with",male,relationship-graph
THE TRAGEDY OF ROMEO AND JULIET,4,1,PARIS,"Immoderately she weeps for Tybalt's death, And therefore have I little talk'd of love; For Venus smiles not in a house o",she,JULIET,"Immoderately JULIET weeps for Tybalt's death, And therefore have I little talk'd of love; For Venus smiles not in a hous",female,relationship-graph
THE TRAGEDY OF ROMEO AND JULIET,4,1,PARIS,"Now, sir, her father counts it dangerous That she do give her sorrow so much sway; And in his wisdom, hastes our marriag",she,JULIET,"Now, sir, her father counts it dangerous That JULIET do give her sorrow so much sway; And in his wisdom, hastes our marr",female,relationship-graph
THE TRAGEDY OF ROMEO AND JULIET,4,1,PARIS,"Now, sir, her father counts it dangerous That she do give her sorrow so much sway; And in his wisdom, hastes our marriag",her,JULIET,"Now, sir, JULIET father counts it dangerous That JULIET do give her sorrow so much sway; And in his wisdom, hastes our m",female,relationship-graph
THE TRAGEDY OF ROMEO AND JULIET,4,1,PARIS,"Now, sir, her father counts it dangerous That she do give her sorrow so much sway; And in his wisdom, hastes our marriag",herself,JULIET,"Now, sir, JULIET father counts it dangerous That JULIET do give her sorrow so much sway; And in his wisdom, hastes our m",female,relationship-graph
THE TRAGEDY OF ROMEO AND JULIET,4,1,PARIS,"Now, sir, her father counts it dangerous That she do give her sorrow so much sway; And in his wisdom, hastes our marriag",her,JULIET,"Now, sir, JULIET father counts it dangerous That JULIET do give JULIET sorrow so much sway; And in his wisdom, hastes ou",female,relationship-graph
THE TRAGEDY OF ROMEO AND JULIET,4,1,PARIS,Do not deny to him that you love me.,him,ROMEO,Do not deny to ROMEO that you love me.,male,relationship-graph
THE TRAGEDY OF ROMEO AND JULIET,4,1,JULIET,I will confess to you that I love him.,him,ROMEO,I will confess to you that I love ROMEO.,male,relationship-graph
THE TRAGEDY OF ROMEO AND JULIET,4,1,FRIAR LAWRENCE,"If, rather than to marry County Paris Thou hast the strength of will to slay thyself, Then is it likely thou wilt undert",himself,ROMEO,"If, rather than to marry County Paris Thou hast the strength of will to slay thyself, Then is it likely thou wilt undert",male,relationship-graph
THE TRAGEDY OF ROMEO AND JULIET,4,1,FRIAR LAWRENCE,"No warmth, no breath shall testify thou livest, The roses in thy lips and cheeks shall fade To paly ashes; thy eyes' win",he,ROMEO,"No warmth, no breath shall testify thou livest, The roses in thy lips and cheeks shall fade To paly ashes; thy eyes' win",male,relationship-graph
THE TRAGEDY OF ROMEO AND JULIET,4,1,FRIAR LAWRENCE,"In the meantime, against thou shalt awake, Shall Romeo by my letters know our drift, And hither shall he come, and he an",he,ROMEO,"In the meantime, against thou shalt awake, Shall Romeo by my letters know our drift, And hither shall ROMEO come, and he",male,relationship-graph
THE TRAGEDY OF ROMEO AND JULIET,4,1,FRIAR LAWRENCE,"In the meantime, against thou shalt awake, Shall Romeo by my letters know our drift, And hither shall he come, and he an",he,ROMEO,"In the meantime, against thou shalt awake, Shall Romeo by my letters know our drift, And hither shall ROMEO come, and RO",male,relationship-graph
THE TRAGEDY OF ROMEO AND JULIET,4,2,CAPULET,"Well, he may chance to do some good on her.",he,MONTAGUE,"Well, MONTAGUE may chance to do some good on her.",male,relationship-graph
THE TRAGEDY OF ROMEO AND JULIET,4,2,CAPULET,"Well, he may chance to do some good on her.",her,JULIET,"Well, MONTAGUE may chance to do some good on JULIET.",female,relationship-graph
THE TRAGEDY OF ROMEO AND JULIET,4,2,CAPULET,"Send for the County, go tell him of this.",him,MONTAGUE,"Send for the County, go tell MONTAGUE of this.",male,relationship-graph
THE TRAGEDY OF ROMEO AND JULIET,4,2,JULIET,"I met the youthful lord at Lawrence' cell, And gave him what becomed love I might, Not stepping o'er the bounds of modes",him,ROMEO,"I met the youthful lord at Lawrence' cell, And gave ROMEO what becomed love I might, Not stepping o'er the bounds of mod",male,relationship-graph
THE TRAGEDY OF ROMEO AND JULIET,4,2,CAPULET,"Go, I say, and fetch him hither.",him,MONTAGUE,"Go, I say, and fetch MONTAGUE hither.",male,relationship-graph
THE TRAGEDY OF ROMEO AND JULIET,4,2,CAPULET,"Now afore God, this reverend holy Friar, All our whole city is much bound to him.",him,MONTAGUE,"Now afore God, this reverend holy Friar, All our whole city is much bound to MONTAGUE.",male,relationship-graph
THE TRAGEDY OF ROMEO AND JULIET,4,2,CAPULET,"Go, Nurse, go with her.",her,JULIET,"Go, Nurse, go with JULIET.",female,relationship-graph
THE TRAGEDY OF ROMEO AND JULIET,4,2,CAPULET,"Go thou to Juliet, help to deck up her.",her,JULIET,"Go thou to Juliet, help to deck up JULIET.",female,relationship-graph
THE TRAGEDY OF ROMEO AND JULIET,4,2,CAPULET,"They are all forth: well, I will walk myself To County Paris, to prepare him up Against tomorrow.",him,MONTAGUE,"They are all forth: well, I will walk myself To County Paris, to prepare MONTAGUE up Against tomorrow.",male,relationship-graph
THE TRAGEDY OF ROMEO AND JULIET,4,3,JULIET,"What if it be a poison, which the Friar Subtly hath minister'd to have me dead, Lest in this marriage he should be disho",he,ROMEO,"What if it be a poison, which the Friar Subtly hath minister'd to have me dead, Lest in this marriage ROMEO should be di",male,relationship-graph
THE TRAGEDY OF ROMEO AND JULIET,4,3,JULIET,"What if it be a poison, which the Friar Subtly hath minister'd to have me dead, Lest in this marriage he should be disho",he,ROMEO,"What if it be a poison, which the Friar Subtly hath minister'd to have me dead, Lest in this marriage ROMEO should be di",male,relationship-graph
THE TRAGEDY OF ROMEO AND JULIET,4,3,JULIET,"And yet methinks it should not, For he hath still been tried a holy man.",he,ROMEO,"And yet methinks it should not, For ROMEO hath still been tried a holy man.",male,relationship-graph
THE TRAGEDY OF ROMEO AND JULIET,4,4,CAPULET,"Call Peter, he will show thee where they are.",he,MONTAGUE,"Call Peter, MONTAGUE will show thee where they are.",male,relationship-graph
THE TRAGEDY OF ROMEO AND JULIET,4,4,CAPULET,"The County will be here with music straight, For so he said he would.",he,MONTAGUE,"The County will be here with music straight, For so MONTAGUE said he would.",male,relationship-graph
THE TRAGEDY OF ROMEO AND JULIET,4,4,CAPULET,"The County will be here with music straight, For so he said he would.",he,MONTAGUE,"The County will be here with music straight, For so MONTAGUE said MONTAGUE would.",male,relationship-graph
THE TRAGEDY OF ROMEO AND JULIET,4,4,CAPULET,I hear him near.,him,MONTAGUE,I hear MONTAGUE near.,male,relationship-graph
THE TRAGEDY OF ROMEO AND JULIET,4,4,CAPULET,"Go waken Juliet, go and trim her up.",her,JULIET,"Go waken Juliet, go and trim JULIET up.",female,relationship-graph
THE TRAGEDY OF ROMEO AND JULIET,4,4,CAPULET,"Hie, make haste, Make haste; the bridegroom he is come already.",he,MONTAGUE,"Hie, make haste, Make haste; the bridegroom MONTAGUE is come already.",male,relationship-graph
THE TRAGEDY OF ROMEO AND JULIET,4,5,CAPULET,Let me see her.,her,JULIET,Let me see JULIET.,female,relationship-graph
THE TRAGEDY OF ROMEO AND JULIET,4,5,CAPULET,"She's cold, Her blood is settled and her joints are stiff.",She,JULIET,"JULIET's cold, Her blood is settled and her joints are stiff.",female,relationship-graph
THE TRAGEDY OF ROMEO AND JULIET,4,5,CAPULET,Death lies on her like an untimely frost Upon the sweetest flower of all the field.,her,JULIET,Death lies on JULIET like an untimely frost Upon the sweetest flower of all the field.,female,relationship-graph
THE TRAGEDY OF ROMEO AND JULIET,4,5,CAPULET,"Death, that hath ta'en her hence to make me wail, Ties up my tongue and will not let me speak.",her,JULIET,"Death, that hath ta'en JULIET hence to make me wail, Ties up my tongue and will not let me speak.",female,relationship-graph
THE TRAGEDY OF ROMEO AND JULIET,4,5,CAPULET,"There she lies, Flower as she was, deflowered by him.",she,JULIET,"There JULIET lies, Flower as she was, deflowered by him.",female,relationship-graph
THE TRAGEDY OF ROMEO AND JULIET,4,5,CAPULET,"There she lies, Flower as she was, deflowered by him.",she,JULIET,"There JULIET lies, Flower as JULIET was, deflowered by him.",female,relationship-graph
THE TRAGEDY OF ROMEO AND JULIET,4,5,CAPULET,"There she lies, Flower as she was, deflowered by him.",him,MONTAGUE,"There JULIET lies, Flower as JULIET was, deflowered by MONTAGUE.",male,relationship-graph
THE TRAGEDY OF ROMEO AND JULIET,4,5,CAPULET,"Death is my son-in-law, death is my heir; My daughter he hath wedded.",he,MONTAGUE,"Death is my son-in-law, death is my heir; My daughter MONTAGUE hath wedded.",male,relationship-graph
THE TRAGEDY OF ROMEO AND JULIET,4,5,CAPULET,"I will die And leave him all; life, living, all is death's.",him,MONTAGUE,"I will die And leave MONTAGUE all; life, living, all is death's.",male,relationship-graph
THE TRAGEDY OF ROMEO AND JULIET,4,5,FRIAR LAWRENCE,"Sir, go you in, and, madam, go with him, And go, Sir Paris, everyone prepare To follow this fair corse unto her grave.",him,ROMEO,"Sir, go you in, and, madam, go with ROMEO, And go, Sir Paris, everyone prepare To follow this fair corse unto her grave.",male,relationship-graph
THE TRAGEDY OF ROMEO AND JULIET,5,1,ROMEO,That I ask again; For nothing can be ill if she be well.,she,JULIET,That I ask again; For nothing can be ill if JULIET be well.,female,intra-utterance
THE TRAGEDY OF ROMEO AND JULIET,5,1,BALTHASAR,"Then she is well, and nothing can be ill.",she,JULIET,"Then JULIET is well, and nothing can be ill.",female,prev-utterance
THE TRAGEDY OF ROMEO AND JULIET,5,1,BALTHASAR,"I saw her laid low in her kindred's vault, And presently took post to tell it you.",her,JULIET,"I saw JULIET laid low in her kindred's vault, And presently took post to tell it you.",female,prev-utterance
THE TRAGEDY OF ROMEO AND JULIET,5,1,ROMEO,"I do remember an apothecary,— And hereabouts he",he,MONTAGUE,"I do remember an apothecary,— And hereabouts MONTAGUE",male,relationship-graph
THE TRAGEDY OF ROMEO AND JULIET,5,1,ROMEO,"I noted In tatter'd weeds, with overwhelming brows, Culling of simples, meagre were his looks, Sharp misery had worn him",him,MONTAGUE,"I noted In tatter'd weeds, with overwhelming brows, Culling of simples, meagre were his looks, Sharp misery had worn MON",male,relationship-graph
THE TRAGEDY OF ROMEO AND JULIET,5,1,ROMEO,"Noting this penury, to myself I said, And if a man did need a poison now, Whose sale is present death in Mantua, Here li",him,MONTAGUE,"Noting this penury, to myself I said, And if a man did need a poison now, Whose sale is present death in Mantua, Here li",male,relationship-graph
THE TRAGEDY OF ROMEO AND JULIET,5,3,PARIS,I will apprehend him.,him,ROMEO,I will apprehend ROMEO.,male,relationship-graph
THE TRAGEDY OF ROMEO AND JULIET,5,3,ROMEO,"What said my man, when my betossed soul Did not attend him as we rode?",him,MONTAGUE,"What said my man, when my betossed soul Did not attend MONTAGUE as we rode?",male,relationship-graph
THE TRAGEDY OF ROMEO AND JULIET,5,3,ROMEO,I think He told me Paris should have married Juliet.,He,MONTAGUE,I think MONTAGUE told me Paris should have married Juliet.,male,relationship-graph
THE TRAGEDY OF ROMEO AND JULIET,5,3,ROMEO,Said he not so?,he,MONTAGUE,Said MONTAGUE not so?,male,relationship-graph
THE TRAGEDY OF ROMEO AND JULIET,5,3,ROMEO,"Or am I mad, hearing him talk of Juliet, To think it was so?",him,MONTAGUE,"Or am I mad, hearing MONTAGUE talk of Juliet, To think it was so?",male,relationship-graph
THE TRAGEDY OF ROMEO AND JULIET,5,3,FRIAR LAWRENCE,How long hath he been there?,he,ROMEO,How long hath ROMEO been there?,male,relationship-graph
THE TRAGEDY OF ROMEO AND JULIET,5,3,JULIET,Kisses him.,him,ROMEO,Kisses ROMEO.,male,relationship-graph
THE TRAGEDY OF ROMEO AND JULIET,5,3,FRIAR LAWRENCE,"Meantime I writ to Romeo That he should hither come as this dire night To help to take her from her borrow'd grave, Bein",he,ROMEO,"Meantime I writ to Romeo That ROMEO should hither come as this dire night To help to take her from her borrow'd grave, B",male,relationship-graph
THE TRAGEDY OF ROMEO AND JULIET,5,3,FRIAR LAWRENCE,"But he which bore my letter, Friar John, Was stay'd by accident; and yesternight Return'd",he,ROMEO,"But ROMEO which bore my letter, Friar John, Was stay'd by accident; and yesternight Return'd",male,relationship-graph
